"","Year","Locality","Site","Uniq_Transect","Count","Richness"
"1","2010","1062","1062BR","2010.F.1062BR.1",41,12
"2","2010","1062","1062BR","2010.F.1062BR.2",13,3
"3","2010","1062","1062BR","2010.F.1062BR.3",28,9
"4","2010","1062","1062BR","2010.F.1062BR.4",35,10
"5","2010","1062","1062BR","2010.F.1062BR.5",23,8
"6","2010","1062","1062BR","2010.F.1062BR.6",12,6
"7","2010","1062","1062BR","2010.F.1062BR.7",11,8
"8","2010","1062","1062BR","2010.F.1062BR.8",8,6
"9","2010","1062","1062DFR","2010.F.1062DFR.1",20,11
"10","2010","1062","1062DFR","2010.F.1062DFR.2",9,6
"11","2010","1062","1062DFR","2010.F.1062DFR.3",18,8
"12","2010","1062","1062DFR","2010.F.1062DFR.4",15,8
"13","2010","1062","1062DFR","2010.F.1062DFR.5",32,7
"14","2010","1062","1062DFR","2010.F.1062DFR.6",13,6
"15","2010","1062","1062DFR","2010.F.1062DFR.7",13,9
"16","2010","1062","1062DFR","2010.F.1062DFR.8",5,4
"17","2010","1062","1062SFR","2010.F.1062SFR.1",76,9
"18","2010","1062","1062SFR","2010.F.1062SFR.2",89,7
"19","2010","1062","1062SFR","2010.F.1062SFR.3",70,10
"20","2010","1062","1062SFR","2010.F.1062SFR.4",20,8
"21","2010","1062","1062SFR","2010.F.1062SFR.5",8,6
"22","2010","1062","1062SFR","2010.F.1062SFR.6",4,4
"23","2010","1062","1062SFR","2010.F.1062SFR.7",4,2
"24","2010","1062","1062SFR","2010.F.1062SFR.8",12,7
"25","2010","1206","1206BR","2010.F.1206BR.1",6,4
"26","2010","1206","1206BR","2010.F.1206BR.2",9,6
"27","2010","1206","1206BR","2010.F.1206BR.3",6,4
"28","2010","1206","1206BR","2010.F.1206BR.4",39,8
"29","2010","1206","1206BR","2010.F.1206BR.5",4,3
"30","2010","1206","1206BR","2010.F.1206BR.6",24,7
"31","2010","1206","1206BR","2010.F.1206BR.7",40,9
"32","2010","1206","1206BR","2010.F.1206BR.8",27,6
"33","2010","1206","1206DFR","2010.F.1206DFR.1",23,11
"34","2010","1206","1206DFR","2010.F.1206DFR.2",24,14
"35","2010","1206","1206DFR","2010.F.1206DFR.3",24,6
"36","2010","1206","1206DFR","2010.F.1206DFR.4",36,14
"37","2010","1206","1206DFR","2010.F.1206DFR.5",16,11
"38","2010","1206","1206DFR","2010.F.1206DFR.6",32,7
"39","2010","1206","1206DFR","2010.F.1206DFR.7",25,12
"40","2010","1206","1206DFR","2010.F.1206DFR.8",16,10
"41","2010","1206","1206SFR","2010.F.1206SFR.1",12,7
"42","2010","1206","1206SFR","2010.F.1206SFR.2",20,9
"43","2010","1206","1206SFR","2010.F.1206SFR.3",10,8
"44","2010","1206","1206SFR","2010.F.1206SFR.4",12,8
"45","2010","1206","1206SFR","2010.F.1206SFR.5",51,13
"46","2010","1206","1206SFR","2010.F.1206SFR.6",39,14
"47","2010","1206","1206SFR","2010.F.1206SFR.7",18,8
"48","2010","1206","1206SFR","2010.F.1206SFR.8",68,15
"49","2010","Caye Bokel","CBBR","2010.F.CBBR.1",3,3
"50","2010","Caye Bokel","CBBR","2010.F.CBBR.2",12,6
"51","2010","Caye Bokel","CBBR","2010.F.CBBR.3",6,4
"52","2010","Caye Bokel","CBBR","2010.F.CBBR.4",7,5
"53","2010","Caye Bokel","CBBR","2010.F.CBBR.5",20,6
"54","2010","Caye Bokel","CBBR","2010.F.CBBR.6",11,6
"55","2010","Caye Bokel","CBBR","2010.F.CBBR.7",50,4
"56","2010","Caye Bokel","CBBR","2010.F.CBBR.8",41,8
"57","2010","Caye Bokel","CBDFR","2010.F.CBDFR.1",12,7
"58","2010","Caye Bokel","CBDFR","2010.F.CBDFR.2",10,6
"59","2010","Caye Bokel","CBDFR","2010.F.CBDFR.3",9,5
"60","2010","Caye Bokel","CBDFR","2010.F.CBDFR.4",14,4
"61","2010","Caye Bokel","CBDFR","2010.F.CBDFR.5",20,10
"62","2010","Caye Bokel","CBDFR","2010.F.CBDFR.6",8,5
"63","2010","Caye Bokel","CBDFR","2010.F.CBDFR.7",0,0
"64","2010","Caye Bokel","CBDFR","2010.F.CBDFR.8",0,0
"65","2010","Caye Bokel","CBSFR","2010.F.CBSFR.1",14,8
"66","2010","Caye Bokel","CBSFR","2010.F.CBSFR.2",5,4
"67","2010","Caye Bokel","CBSFR","2010.F.CBSFR.3",1,1
"68","2010","Caye Bokel","CBSFR","2010.F.CBSFR.4",12,5
"69","2010","Caye Bokel","CBSFR","2010.F.CBSFR.5",2,2
"70","2010","Caye Bokel","CBSFR","2010.F.CBSFR.6",11,8
"71","2010","Caye Bokel","CBSFR","2010.F.CBSFR.7",6,2
"72","2010","Caye Bokel","CBSFR","2010.F.CBSFR.8",36,6
"73","2010","West Point 4","WP4BR","2010.F.WP4BR.1",1,1
"74","2010","West Point 4","WP4BR","2010.F.WP4BR.2",2,1
"75","2010","West Point 4","WP4BR","2010.F.WP4BR.3",7,5
"76","2010","West Point 4","WP4BR","2010.F.WP4BR.4",17,7
"77","2010","West Point 4","WP4BR","2010.F.WP4BR.5",6,5
"78","2010","West Point 4","WP4BR","2010.F.WP4BR.6",0,0
"79","2010","West Point 4","WP4BR","2010.F.WP4BR.7",1,1
"80","2010","West Point 4","WP4BR","2010.F.WP4BR.8",0,0
"81","2010","West Point 4","WP4DFR","2010.F.WP4DFR.1",8,6
"82","2010","West Point 4","WP4DFR","2010.F.WP4DFR.2",10,5
"83","2010","West Point 4","WP4DFR","2010.F.WP4DFR.3",14,8
"84","2010","West Point 4","WP4DFR","2010.F.WP4DFR.4",6,6
"85","2010","West Point 4","WP4DFR","2010.F.WP4DFR.5",3,2
"86","2010","West Point 4","WP4DFR","2010.F.WP4DFR.6",7,5
"87","2010","West Point 4","WP4DFR","2010.F.WP4DFR.7",6,5
"88","2010","West Point 4","WP4DFR","2010.F.WP4DFR.8",10,7
"89","2010","West Point 4","WP4SFR","2010.F.WP4SFR.1",5,4
"90","2010","West Point 4","WP4SFR","2010.F.WP4SFR.2",5,4
"91","2010","West Point 4","WP4SFR","2010.F.WP4SFR.3",3,2
"92","2010","West Point 4","WP4SFR","2010.F.WP4SFR.4",7,3
"93","2010","West Point 4","WP4SFR","2010.F.WP4SFR.5",5,5
"94","2010","West Point 4","WP4SFR","2010.F.WP4SFR.6",2,2
"95","2010","West Point 4","WP4SFR","2010.F.WP4SFR.7",15,9
"96","2010","West Point 4","WP4SFR","2010.F.WP4SFR.8",5,5
"97","2010","West Point 5","WP5BR","2010.F.WP5BR.1",25,8
"98","2010","West Point 5","WP5BR","2010.F.WP5BR.2",11,7
"99","2010","West Point 5","WP5BR","2010.F.WP5BR.3",13,8
"100","2010","West Point 5","WP5BR","2010.F.WP5BR.4",13,8
"101","2010","West Point 5","WP5BR","2010.F.WP5BR.5",3,3
"102","2010","West Point 5","WP5BR","2010.F.WP5BR.6",5,5
"103","2010","West Point 5","WP5BR","2010.F.WP5BR.7",12,6
"104","2010","West Point 5","WP5BR","2010.F.WP5BR.8",16,5
"105","2010","West Point 5","WP5DFR","2010.F.WP5DFR.1",6,3
"106","2010","West Point 5","WP5DFR","2010.F.WP5DFR.2",11,7
"107","2010","West Point 5","WP5DFR","2010.F.WP5DFR.3",9,3
"108","2010","West Point 5","WP5DFR","2010.F.WP5DFR.4",8,6
"109","2010","West Point 5","WP5DFR","2010.F.WP5DFR.5",12,5
"110","2010","West Point 5","WP5DFR","2010.F.WP5DFR.6",9,8
"111","2010","West Point 5","WP5DFR","2010.F.WP5DFR.7",9,5
"112","2010","West Point 5","WP5DFR","2010.F.WP5DFR.8",16,10
"113","2010","West Point 5","WP5SFR","2010.F.WP5SFR.1",8,6
"114","2010","West Point 5","WP5SFR","2010.F.WP5SFR.2",2,2
"115","2010","West Point 5","WP5SFR","2010.F.WP5SFR.3",6,5
"116","2010","West Point 5","WP5SFR","2010.F.WP5SFR.4",14,8
"117","2010","West Point 5","WP5SFR","2010.F.WP5SFR.5",9,7
"118","2010","West Point 5","WP5SFR","2010.F.WP5SFR.6",7,6
"119","2010","West Point 5","WP5SFR","2010.F.WP5SFR.7",15,9
"120","2010","West Point 5","WP5SFR","2010.F.WP5SFR.8",17,10
"121","2011","1062","1062BR","2011.F.1062BR.1",87,7
"122","2011","1062","1062BR","2011.F.1062BR.2",20,6
"123","2011","1062","1062BR","2011.F.1062BR.3",9,7
"124","2011","1062","1062BR","2011.F.1062BR.4",25,6
"125","2011","1062","1062BR","2011.F.1062BR.5",12,8
"126","2011","1062","1062BR","2011.F.1062BR.6",47,12
"127","2011","1062","1062BR","2011.F.1062BR.7",47,8
"128","2011","1062","1062BR","2011.F.1062BR.8",22,11
"129","2011","1062","1062DFR","2011.F.1062DFR.1",13,7
"130","2011","1062","1062DFR","2011.F.1062DFR.2",7,4
"131","2011","1062","1062DFR","2011.F.1062DFR.3",3,2
"132","2011","1062","1062DFR","2011.F.1062DFR.4",0,0
"133","2011","1062","1062DFR","2011.F.1062DFR.5",10,7
"134","2011","1062","1062DFR","2011.F.1062DFR.6",11,4
"135","2011","1062","1062DFR","2011.F.1062DFR.7",9,6
"136","2011","1062","1062DFR","2011.F.1062DFR.8",7,5
"137","2011","1062","1062SFR","2011.F.1062SFR.1",10,4
"138","2011","1062","1062SFR","2011.F.1062SFR.2",122,13
"139","2011","1062","1062SFR","2011.F.1062SFR.3",22,11
"140","2011","1062","1062SFR","2011.F.1062SFR.4",32,7
"141","2011","1062","1062SFR","2011.F.1062SFR.5",16,7
"142","2011","1062","1062SFR","2011.F.1062SFR.6",37,10
"143","2011","1062","1062SFR","2011.F.1062SFR.7",62,7
"144","2011","1062","1062SFR","2011.F.1062SFR.8",11,6
"145","2011","1206","1206BR","2011.F.1206BR.1",3,2
"146","2011","1206","1206BR","2011.F.1206BR.2",8,6
"147","2011","1206","1206BR","2011.F.1206BR.3",7,6
"148","2011","1206","1206BR","2011.F.1206BR.4",7,5
"149","2011","1206","1206BR","2011.F.1206BR.5",7,4
"150","2011","1206","1206BR","2011.F.1206BR.6",6,4
"151","2011","1206","1206BR","2011.F.1206BR.7",14,8
"152","2011","1206","1206BR","2011.F.1206BR.8",13,7
"153","2011","1206","1206DFR","2011.F.1206DFR.1",6,4
"154","2011","1206","1206DFR","2011.F.1206DFR.2",16,3
"155","2011","1206","1206DFR","2011.F.1206DFR.3",4,4
"156","2011","1206","1206DFR","2011.F.1206DFR.4",15,7
"157","2011","1206","1206DFR","2011.F.1206DFR.5",6,3
"158","2011","1206","1206DFR","2011.F.1206DFR.6",11,6
"159","2011","1206","1206DFR","2011.F.1206DFR.7",32,13
"160","2011","1206","1206DFR","2011.F.1206DFR.8",15,7
"161","2011","1206","1206SFR","2011.F.1206SFR.1",17,8
"162","2011","1206","1206SFR","2011.F.1206SFR.2",20,12
"163","2011","1206","1206SFR","2011.F.1206SFR.3",32,11
"164","2011","1206","1206SFR","2011.F.1206SFR.4",13,7
"165","2011","1206","1206SFR","2011.F.1206SFR.5",10,8
"166","2011","1206","1206SFR","2011.F.1206SFR.6",13,7
"167","2011","1206","1206SFR","2011.F.1206SFR.7",30,10
"168","2011","1206","1206SFR","2011.F.1206SFR.8",8,4
"169","2011","Caye Bokel","CBBR","2011.F.CBBR.1",126,10
"170","2011","Caye Bokel","CBBR","2011.F.CBBR.2",57,11
"171","2011","Caye Bokel","CBBR","2011.F.CBBR.3",40,10
"172","2011","Caye Bokel","CBBR","2011.F.CBBR.4",41,12
"173","2011","Caye Bokel","CBBR","2011.F.CBBR.5",68,11
"174","2011","Caye Bokel","CBBR","2011.F.CBBR.6",53,10
"175","2011","Caye Bokel","CBBR","2011.F.CBBR.7",36,9
"176","2011","Caye Bokel","CBBR","2011.F.CBBR.8",76,11
"177","2011","Caye Bokel","CBDFR","2011.F.CBDFR.1",16,6
"178","2011","Caye Bokel","CBDFR","2011.F.CBDFR.2",8,8
"179","2011","Caye Bokel","CBDFR","2011.F.CBDFR.3",0,0
"180","2011","Caye Bokel","CBDFR","2011.F.CBDFR.4",13,7
"181","2011","Caye Bokel","CBDFR","2011.F.CBDFR.5",10,7
"182","2011","Caye Bokel","CBDFR","2011.F.CBDFR.6",12,7
"183","2011","Caye Bokel","CBDFR","2011.F.CBDFR.7",4,4
"184","2011","Caye Bokel","CBDFR","2011.F.CBDFR.8",10,6
"185","2011","Caye Bokel","CBSFR","2011.F.CBSFR.1",8,4
"186","2011","Caye Bokel","CBSFR","2011.F.CBSFR.2",5,2
"187","2011","Caye Bokel","CBSFR","2011.F.CBSFR.3",11,8
"188","2011","Caye Bokel","CBSFR","2011.F.CBSFR.4",9,6
"189","2011","Caye Bokel","CBSFR","2011.F.CBSFR.5",18,3
"190","2011","Caye Bokel","CBSFR","2011.F.CBSFR.6",11,6
"191","2011","Caye Bokel","CBSFR","2011.F.CBSFR.7",11,6
"192","2011","Caye Bokel","CBSFR","2011.F.CBSFR.8",7,5
"193","2011","West Point 4","WP4BR","2011.F.WP4BR.1",18,8
"194","2011","West Point 4","WP4BR","2011.F.WP4BR.2",8,6
"195","2011","West Point 4","WP4BR","2011.F.WP4BR.3",45,5
"196","2011","West Point 4","WP4BR","2011.F.WP4BR.4",43,9
"197","2011","West Point 4","WP4BR","2011.F.WP4BR.5",7,5
"198","2011","West Point 4","WP4BR","2011.F.WP4BR.6",13,4
"199","2011","West Point 4","WP4BR","2011.F.WP4BR.7",9,5
"200","2011","West Point 4","WP4BR","2011.F.WP4BR.8",13,7
"201","2011","West Point 4","WP4DFR","2011.F.WP4DFR.1",23,8
"202","2011","West Point 4","WP4DFR","2011.F.WP4DFR.2",18,9
"203","2011","West Point 4","WP4DFR","2011.F.WP4DFR.3",11,5
"204","2011","West Point 4","WP4DFR","2011.F.WP4DFR.4",20,8
"205","2011","West Point 4","WP4DFR","2011.F.WP4DFR.5",17,8
"206","2011","West Point 4","WP4DFR","2011.F.WP4DFR.6",9,5
"207","2011","West Point 4","WP4DFR","2011.F.WP4DFR.7",16,7
"208","2011","West Point 4","WP4DFR","2011.F.WP4DFR.8",8,5
"209","2011","West Point 4","WP4SFR","2011.F.WP4SFR.1",11,7
"210","2011","West Point 4","WP4SFR","2011.F.WP4SFR.2",22,10
"211","2011","West Point 4","WP4SFR","2011.F.WP4SFR.3",26,9
"212","2011","West Point 4","WP4SFR","2011.F.WP4SFR.4",20,5
"213","2011","West Point 4","WP4SFR","2011.F.WP4SFR.5",8,4
"214","2011","West Point 4","WP4SFR","2011.F.WP4SFR.6",13,7
"215","2011","West Point 4","WP4SFR","2011.F.WP4SFR.7",26,7
"216","2011","West Point 4","WP4SFR","2011.F.WP4SFR.8",11,7
"217","2011","West Point 5","WP5BR","2011.F.WP5BR.1",30,4
"218","2011","West Point 5","WP5BR","2011.F.WP5BR.2",24,8
"219","2011","West Point 5","WP5BR","2011.F.WP5BR.3",16,10
"220","2011","West Point 5","WP5BR","2011.F.WP5BR.4",17,5
"221","2011","West Point 5","WP5BR","2011.F.WP5BR.5",7,5
"222","2011","West Point 5","WP5BR","2011.F.WP5BR.6",32,11
"223","2011","West Point 5","WP5BR","2011.F.WP5BR.7",13,7
"224","2011","West Point 5","WP5BR","2011.F.WP5BR.8",9,5
"225","2011","West Point 5","WP5DFR","2011.F.WP5DFR.1",36,12
"226","2011","West Point 5","WP5DFR","2011.F.WP5DFR.2",65,8
"227","2011","West Point 5","WP5DFR","2011.F.WP5DFR.3",6,5
"228","2011","West Point 5","WP5DFR","2011.F.WP5DFR.4",3,3
"229","2011","West Point 5","WP5DFR","2011.F.WP5DFR.5",23,9
"230","2011","West Point 5","WP5DFR","2011.F.WP5DFR.6",11,5
"231","2011","West Point 5","WP5DFR","2011.F.WP5DFR.7",12,3
"232","2011","West Point 5","WP5DFR","2011.F.WP5DFR.8",16,8
"233","2011","West Point 5","WP5SFR","2011.F.WP5SFR.1",12,7
"234","2011","West Point 5","WP5SFR","2011.F.WP5SFR.2",7,6
"235","2011","West Point 5","WP5SFR","2011.F.WP5SFR.3",27,13
"236","2011","West Point 5","WP5SFR","2011.F.WP5SFR.4",15,8
"237","2011","West Point 5","WP5SFR","2011.F.WP5SFR.5",8,6
"238","2011","West Point 5","WP5SFR","2011.F.WP5SFR.6",6,5
"239","2011","West Point 5","WP5SFR","2011.F.WP5SFR.7",12,4
"240","2011","West Point 5","WP5SFR","2011.F.WP5SFR.8",6,5
"241","2012","1062","1062BR","2012.F.1062BR.1",122,15
"242","2012","1062","1062BR","2012.F.1062BR.2",30,10
"243","2012","1062","1062BR","2012.F.1062BR.3",93,10
"244","2012","1062","1062BR","2012.F.1062BR.4",101,11
"245","2012","1062","1062BR","2012.F.1062BR.5",41,11
"246","2012","1062","1062BR","2012.F.1062BR.6",134,12
"247","2012","1062","1062BR","2012.F.1062BR.7",61,14
"248","2012","1062","1062DFR","2012.F.1062DFR.1",18,9
"249","2012","1062","1062DFR","2012.F.1062DFR.2",15,8
"250","2012","1062","1062DFR","2012.F.1062DFR.3",7,2
"251","2012","1062","1062DFR","2012.F.1062DFR.4",8,4
"252","2012","1062","1062DFR","2012.F.1062DFR.5",9,5
"253","2012","1062","1062DFR","2012.F.1062DFR.6",2,2
"254","2012","1062","1062DFR","2012.F.1062DFR.7",4,3
"255","2012","1062","1062DFR","2012.F.1062DFR.8",1,1
"256","2012","1062","1062SFR","2012.F.1062SFR.1",29,10
"257","2012","1062","1062SFR","2012.F.1062SFR.2",40,11
"258","2012","1062","1062SFR","2012.F.1062SFR.3",21,9
"259","2012","1062","1062SFR","2012.F.1062SFR.4",39,15
"260","2012","1062","1062SFR","2012.F.1062SFR.5",116,18
"261","2012","1062","1062SFR","2012.F.1062SFR.6",11,7
"262","2012","1062","1062SFR","2012.F.1062SFR.7",13,6
"263","2012","1062","1062SFR","2012.F.1062SFR.8",14,6
"264","2012","1071","1071DFR","2012.F.1071DFR.1",14,5
"265","2012","1071","1071DFR","2012.F.1071DFR.2",6,4
"266","2012","1071","1071DFR","2012.F.1071DFR.3",26,8
"267","2012","1071","1071DFR","2012.F.1071DFR.4",3,3
"268","2012","1071","1071DFR","2012.F.1071DFR.5",21,7
"269","2012","1071","1071DFR","2012.F.1071DFR.6",12,6
"270","2012","1071","1071DFR","2012.F.1071DFR.7",20,9
"271","2012","1071","1071DFR","2012.F.1071DFR.8",4,4
"272","2012","1071","1071SFR","2012.F.1071SFR.1",11,4
"273","2012","1071","1071SFR","2012.F.1071SFR.2",4,2
"274","2012","1071","1071SFR","2012.F.1071SFR.3",27,11
"275","2012","1071","1071SFR","2012.F.1071SFR.4",5,3
"276","2012","1071","1071SFR","2012.F.1071SFR.5",23,7
"277","2012","1071","1071SFR","2012.F.1071SFR.6",4,4
"278","2012","1071","1071SFR","2012.F.1071SFR.7",12,4
"279","2012","1071","1071SFR","2012.F.1071SFR.8",13,7
"280","2012","1206","1206DFR","2012.F.1206DFR.1",40,10
"281","2012","1206","1206DFR","2012.F.1206DFR.2",27,9
"282","2012","1206","1206DFR","2012.F.1206DFR.3",27,9
"283","2012","1206","1206DFR","2012.F.1206DFR.4",17,8
"284","2012","1206","1206DFR","2012.F.1206DFR.5",20,10
"285","2012","1206","1206DFR","2012.F.1206DFR.6",76,17
"286","2012","1206","1206DFR","2012.F.1206DFR.7",19,11
"287","2012","1206","1206DFR","2012.F.1206DFR.8",79,16
"288","2012","1206","1206SFR","2012.F.1206SFR.1",31,10
"289","2012","1206","1206SFR","2012.F.1206SFR.2",33,8
"290","2012","1206","1206SFR","2012.F.1206SFR.3",51,9
"291","2012","1206","1206SFR","2012.F.1206SFR.4",13,10
"292","2012","1206","1206SFR","2012.F.1206SFR.5",27,11
"293","2012","1206","1206SFR","2012.F.1206SFR.6",43,14
"294","2012","1206","1206SFR","2012.F.1206SFR.7",33,8
"295","2012","1206","1206SFR","2012.F.1206SFR.8",39,14
"296","2012","Caye Bokel","CBBR","2012.F.CBBR.1",24,9
"297","2012","Caye Bokel","CBBR","2012.F.CBBR.2",20,5
"298","2012","Caye Bokel","CBBR","2012.F.CBBR.3",20,10
"299","2012","Caye Bokel","CBBR","2012.F.CBBR.4",18,8
"300","2012","Caye Bokel","CBBR","2012.F.CBBR.5",17,10
"301","2012","Caye Bokel","CBBR","2012.F.CBBR.6",59,13
"302","2012","Caye Bokel","CBBR","2012.F.CBBR.7",57,12
"303","2012","Caye Bokel","CBBR","2012.F.CBBR.8",75,16
"304","2012","Caye Bokel","CBDFR","2012.F.CBDFR.1",59,15
"305","2012","Caye Bokel","CBDFR","2012.F.CBDFR.2",37,11
"306","2012","Caye Bokel","CBDFR","2012.F.CBDFR.3",36,10
"307","2012","Caye Bokel","CBDFR","2012.F.CBDFR.4",40,15
"308","2012","Caye Bokel","CBDFR","2012.F.CBDFR.5",36,10
"309","2012","Caye Bokel","CBDFR","2012.F.CBDFR.6",74,16
"310","2012","Caye Bokel","CBDFR","2012.F.CBDFR.7",51,10
"311","2012","Caye Bokel","CBDFR","2012.F.CBDFR.8",34,12
"312","2012","Caye Bokel","CBSFR","2012.F.CBSFR.1",31,11
"313","2012","Caye Bokel","CBSFR","2012.F.CBSFR.2",36,5
"314","2012","Caye Bokel","CBSFR","2012.F.CBSFR.3",34,7
"315","2012","Caye Bokel","CBSFR","2012.F.CBSFR.4",36,9
"316","2012","Caye Bokel","CBSFR","2012.F.CBSFR.5",28,9
"317","2012","Caye Bokel","CBSFR","2012.F.CBSFR.6",44,13
"318","2012","Caye Bokel","CBSFR","2012.F.CBSFR.7",27,10
"319","2012","Caye Bokel","CBSFR","2012.F.CBSFR.8",27,12
"320","2012","West Point 4","WP4BR","2012.F.WP4BR.1",23,6
"321","2012","West Point 4","WP4BR","2012.F.WP4BR.2",3,2
"322","2012","West Point 4","WP4BR","2012.F.WP4BR.3",30,11
"323","2012","West Point 4","WP4BR","2012.F.WP4BR.4",9,4
"324","2012","West Point 4","WP4BR","2012.F.WP4BR.5",29,7
"325","2012","West Point 4","WP4BR","2012.F.WP4BR.6",4,3
"326","2012","West Point 4","WP4BR","2012.F.WP4BR.7",62,12
"327","2012","West Point 4","WP4BR","2012.F.WP4BR.8",2,2
"328","2012","West Point 4","WP4DFR","2012.F.WP4DFR.1",23,6
"329","2012","West Point 4","WP4DFR","2012.F.WP4DFR.2",3,2
"330","2012","West Point 4","WP4DFR","2012.F.WP4DFR.3",30,11
"331","2012","West Point 4","WP4DFR","2012.F.WP4DFR.4",9,4
"332","2012","West Point 4","WP4DFR","2012.F.WP4DFR.5",29,7
"333","2012","West Point 4","WP4DFR","2012.F.WP4DFR.6",4,3
"334","2012","West Point 4","WP4DFR","2012.F.WP4DFR.7",62,12
"335","2012","West Point 4","WP4DFR","2012.F.WP4DFR.8",2,2
"336","2012","West Point 4","WP4SFR","2012.F.WP4SFR.1",14,7
"337","2012","West Point 4","WP4SFR","2012.F.WP4SFR.2",1,1
"338","2012","West Point 4","WP4SFR","2012.F.WP4SFR.3",8,5
"339","2012","West Point 4","WP4SFR","2012.F.WP4SFR.4",5,4
"340","2012","West Point 4","WP4SFR","2012.F.WP4SFR.5",27,10
"341","2012","West Point 4","WP4SFR","2012.F.WP4SFR.6",19,5
"342","2012","West Point 4","WP4SFR","2012.F.WP4SFR.7",40,11
"343","2012","West Point 4","WP4SFR","2012.F.WP4SFR.8",7,6
"344","2012","West Point 5","WP5BR","2012.F.WP5BR.1",27,12
"345","2012","West Point 5","WP5BR","2012.F.WP5BR.2",3,3
"346","2012","West Point 5","WP5BR","2012.F.WP5BR.3",34,11
"347","2012","West Point 5","WP5BR","2012.F.WP5BR.4",5,4
"348","2012","West Point 5","WP5BR","2012.F.WP5BR.5",30,8
"349","2012","West Point 5","WP5BR","2012.F.WP5BR.6",3,2
"350","2012","West Point 5","WP5BR","2012.F.WP5BR.7",64,10
"351","2012","West Point 5","WP5BR","2012.F.WP5BR.8",6,4
"352","2012","West Point 5","WP5DFR","2012.F.WP5DFR.1",35,9
"353","2012","West Point 5","WP5DFR","2012.F.WP5DFR.2",8,6
"354","2012","West Point 5","WP5DFR","2012.F.WP5DFR.3",27,15
"355","2012","West Point 5","WP5DFR","2012.F.WP5DFR.4",20,11
"356","2012","West Point 5","WP5DFR","2012.F.WP5DFR.5",55,15
"357","2012","West Point 5","WP5DFR","2012.F.WP5DFR.6",9,4
"358","2012","West Point 5","WP5DFR","2012.F.WP5DFR.7",16,7
"359","2012","West Point 5","WP5DFR","2012.F.WP5DFR.8",3,3
"360","2012","West Point 5","WP5SFR","2012.F.WP5SFR.1",35,11
"361","2012","West Point 5","WP5SFR","2012.F.WP5SFR.2",14,8
"362","2012","West Point 5","WP5SFR","2012.F.WP5SFR.3",11,5
"363","2012","West Point 5","WP5SFR","2012.F.WP5SFR.4",7,3
"364","2012","West Point 5","WP5SFR","2012.F.WP5SFR.5",19,7
"365","2012","West Point 5","WP5SFR","2012.F.WP5SFR.6",5,5
"366","2012","West Point 5","WP5SFR","2012.F.WP5SFR.7",11,5
"367","2012","West Point 5","WP5SFR","2012.F.WP5SFR.8",2,2
"368","2013","1062","1062BR","2013.F.1062BR.1",18,9
"369","2013","1062","1062BR","2013.F.1062BR.2",75,8
"370","2013","1062","1062BR","2013.F.1062BR.3",73,8
"371","2013","1062","1062BR","2013.F.1062BR.4",93,7
"372","2013","1062","1062BR","2013.F.1062BR.5",249,14
"373","2013","1062","1062BR","2013.F.1062BR.6",214,13
"374","2013","1062","1062BR","2013.F.1062BR.7",234,22
"375","2013","1062","1062BR","2013.F.1062BR.8",162,15
"376","2013","1062","1062DFR","2013.F.1062DFR.1",19,10
"377","2013","1062","1062DFR","2013.F.1062DFR.2",43,13
"378","2013","1062","1062DFR","2013.F.1062DFR.3",30,11
"379","2013","1062","1062DFR","2013.F.1062DFR.4",19,8
"380","2013","1062","1062DFR","2013.F.1062DFR.5",7,5
"381","2013","1062","1062DFR","2013.F.1062DFR.6",6,4
"382","2013","1062","1062DFR","2013.F.1062DFR.7",8,6
"383","2013","1062","1062DFR","2013.F.1062DFR.8",9,5
"384","2013","1062","1062SFR","2013.F.1062SFR.1",30,9
"385","2013","1062","1062SFR","2013.F.1062SFR.2",31,10
"386","2013","1062","1062SFR","2013.F.1062SFR.3",51,13
"387","2013","1062","1062SFR","2013.F.1062SFR.4",43,11
"388","2013","1062","1062SFR","2013.F.1062SFR.5",89,11
"389","2013","1062","1062SFR","2013.F.1062SFR.6",107,9
"390","2013","1062","1062SFR","2013.F.1062SFR.7",18,7
"391","2013","1062","1062SFR","2013.F.1062SFR.8",76,11
"392","2013","1071","1071DFR","2013.F.1071DFR.1",28,13
"393","2013","1071","1071DFR","2013.F.1071DFR.2",16,6
"394","2013","1071","1071DFR","2013.F.1071DFR.3",10,4
"395","2013","1071","1071DFR","2013.F.1071DFR.4",22,10
"396","2013","1071","1071DFR","2013.F.1071DFR.5",56,14
"397","2013","1071","1071DFR","2013.F.1071DFR.6",81,16
"398","2013","1071","1071DFR","2013.F.1071DFR.7",47,9
"399","2013","1071","1071DFR","2013.F.1071DFR.8",64,13
"400","2013","1071","1071SFR","2013.F.1071SFR.1",7,5
"401","2013","1071","1071SFR","2013.F.1071SFR.2",16,9
"402","2013","1071","1071SFR","2013.F.1071SFR.3",59,10
"403","2013","1071","1071SFR","2013.F.1071SFR.4",121,18
"404","2013","1071","1071SFR","2013.F.1071SFR.5",36,11
"405","2013","1071","1071SFR","2013.F.1071SFR.6",83,16
"406","2013","1071","1071SFR","2013.F.1071SFR.7",12,6
"407","2013","1071","1071SFR","2013.F.1071SFR.8",16,10
"408","2013","1206","1206BR","2013.F.1206BR.1",25,10
"409","2013","1206","1206BR","2013.F.1206BR.2",26,10
"410","2013","1206","1206BR","2013.F.1206BR.3",4,4
"411","2013","1206","1206BR","2013.F.1206BR.4",2,2
"412","2013","1206","1206BR","2013.F.1206BR.5",33,8
"413","2013","1206","1206BR","2013.F.1206BR.6",28,11
"414","2013","1206","1206BR","2013.F.1206BR.7",15,8
"415","2013","1206","1206BR","2013.F.1206BR.8",22,6
"416","2013","1206","1206DFR","2013.F.1206DFR.1",22,9
"417","2013","1206","1206DFR","2013.F.1206DFR.2",15,7
"418","2013","1206","1206DFR","2013.F.1206DFR.3",4,3
"419","2013","1206","1206DFR","2013.F.1206DFR.4",5,3
"420","2013","1206","1206DFR","2013.F.1206DFR.5",9,6
"421","2013","1206","1206DFR","2013.F.1206DFR.6",3,2
"422","2013","1206","1206DFR","2013.F.1206DFR.7",17,10
"423","2013","1206","1206DFR","2013.F.1206DFR.8",10,8
"424","2013","1206","1206SFR","2013.F.1206SFR.1",21,7
"425","2013","1206","1206SFR","2013.F.1206SFR.2",5,4
"426","2013","1206","1206SFR","2013.F.1206SFR.3",14,9
"427","2013","1206","1206SFR","2013.F.1206SFR.4",18,7
"428","2013","1206","1206SFR","2013.F.1206SFR.5",51,8
"429","2013","1206","1206SFR","2013.F.1206SFR.6",18,7
"430","2013","1206","1206SFR","2013.F.1206SFR.7",9,5
"431","2013","1206","1206SFR","2013.F.1206SFR.8",35,8
"432","2013","Caye Bokel","CBBR","2013.F.CBBR.1",70,12
"433","2013","Caye Bokel","CBBR","2013.F.CBBR.2",56,7
"434","2013","Caye Bokel","CBBR","2013.F.CBBR.3",48,10
"435","2013","Caye Bokel","CBBR","2013.F.CBBR.4",25,9
"436","2013","Caye Bokel","CBBR","2013.F.CBBR.5",26,7
"437","2013","Caye Bokel","CBBR","2013.F.CBBR.6",38,12
"438","2013","Caye Bokel","CBBR","2013.F.CBBR.7",63,12
"439","2013","Caye Bokel","CBBR","2013.F.CBBR.8",34,10
"440","2013","Caye Bokel","CBDFR","2013.F.CBDFR.1",10,5
"441","2013","Caye Bokel","CBDFR","2013.F.CBDFR.2",21,9
"442","2013","Caye Bokel","CBDFR","2013.F.CBDFR.3",14,6
"443","2013","Caye Bokel","CBDFR","2013.F.CBDFR.4",11,8
"444","2013","Caye Bokel","CBDFR","2013.F.CBDFR.5",54,13
"445","2013","Caye Bokel","CBDFR","2013.F.CBDFR.6",43,10
"446","2013","Caye Bokel","CBDFR","2013.F.CBDFR.7",41,16
"447","2013","Caye Bokel","CBDFR","2013.F.CBDFR.8",71,20
"448","2013","Caye Bokel","CBSFR","2013.F.CBSFR.1",7,6
"449","2013","Caye Bokel","CBSFR","2013.F.CBSFR.2",10,6
"450","2013","Caye Bokel","CBSFR","2013.F.CBSFR.3",4,3
"451","2013","Caye Bokel","CBSFR","2013.F.CBSFR.4",14,6
"452","2013","Caye Bokel","CBSFR","2013.F.CBSFR.5",80,14
"453","2013","Caye Bokel","CBSFR","2013.F.CBSFR.6",49,10
"454","2013","Caye Bokel","CBSFR","2013.F.CBSFR.7",53,12
"455","2013","Caye Bokel","CBSFR","2013.F.CBSFR.8",55,10
"456","2013","Mauger Point","MPDFR","2013.F.MPDFR.1",83,19
"457","2013","Mauger Point","MPDFR","2013.F.MPDFR.2",76,18
"458","2013","Mauger Point","MPDFR","2013.F.MPDFR.3",71,14
"459","2013","Mauger Point","MPDFR","2013.F.MPDFR.4",34,8
"460","2013","Mauger Point","MPDFR","2013.F.MPDFR.5",10,7
"461","2013","Mauger Point","MPDFR","2013.F.MPDFR.6",19,10
"462","2013","Mauger Point","MPDFR","2013.F.MPDFR.7",13,6
"463","2013","Mauger Point","MPDFR","2013.F.MPDFR.8",16,8
"464","2013","Mauger Point","MPSFR","2013.F.MPSFR.1",60,13
"465","2013","Mauger Point","MPSFR","2013.F.MPSFR.2",80,11
"466","2013","Mauger Point","MPSFR","2013.F.MPSFR.3",46,11
"467","2013","Mauger Point","MPSFR","2013.F.MPSFR.4",67,14
"468","2013","Mauger Point","MPSFR","2013.F.MPSFR.5",12,7
"469","2013","Mauger Point","MPSFR","2013.F.MPSFR.6",13,8
"470","2013","Mauger Point","MPSFR","2013.F.MPSFR.7",20,4
"471","2013","Mauger Point","MPSFR","2013.F.MPSFR.8",22,10
"472","2013","Soldier Point","SPDFR","2013.F.SPDFR.1",40,9
"473","2013","Soldier Point","SPDFR","2013.F.SPDFR.2",49,10
"474","2013","Soldier Point","SPDFR","2013.F.SPDFR.3",15,8
"475","2013","Soldier Point","SPDFR","2013.F.SPDFR.4",12,7
"476","2013","Soldier Point","SPDFR","2013.F.SPDFR.5",47,11
"477","2013","Soldier Point","SPDFR","2013.F.SPDFR.6",53,11
"478","2013","Soldier Point","SPDFR","2013.F.SPDFR.7",6,6
"479","2013","Soldier Point","SPDFR","2013.F.SPDFR.8",26,10
"480","2013","Soldier Point","SPSFR","2013.F.SPSFR.1",8,6
"481","2013","Soldier Point","SPSFR","2013.F.SPSFR.2",15,7
"482","2013","Soldier Point","SPSFR","2013.F.SPSFR.3",16,6
"483","2013","Soldier Point","SPSFR","2013.F.SPSFR.4",12,6
"484","2013","Soldier Point","SPSFR","2013.F.SPSFR.5",96,17
"485","2013","Soldier Point","SPSFR","2013.F.SPSFR.6",48,16
"486","2013","Soldier Point","SPSFR","2013.F.SPSFR.7",33,13
"487","2013","Soldier Point","SPSFR","2013.F.SPSFR.8",106,17
"488","2013","West Point 4","WP4BR","2013.F.WP4BR.1",94,13
"489","2013","West Point 4","WP4BR","2013.F.WP4BR.2",23,6
"490","2013","West Point 4","WP4BR","2013.F.WP4BR.3",29,9
"491","2013","West Point 4","WP4BR","2013.F.WP4BR.4",39,10
"492","2013","West Point 4","WP4BR","2013.F.WP4BR.5",8,3
"493","2013","West Point 4","WP4BR","2013.F.WP4BR.6",50,5
"494","2013","West Point 4","WP4BR","2013.F.WP4BR.7",120,4
"495","2013","West Point 4","WP4BR","2013.F.WP4BR.8",89,8
"496","2013","West Point 4","WP4DFR","2013.F.WP4DFR.1",3,3
"497","2013","West Point 4","WP4DFR","2013.F.WP4DFR.2",13,8
"498","2013","West Point 4","WP4DFR","2013.F.WP4DFR.3",42,11
"499","2013","West Point 4","WP4DFR","2013.F.WP4DFR.4",31,13
"500","2013","West Point 4","WP4DFR","2013.F.WP4DFR.5",14,6
"501","2013","West Point 4","WP4DFR","2013.F.WP4DFR.6",9,6
"502","2013","West Point 4","WP4DFR","2013.F.WP4DFR.7",11,8
"503","2013","West Point 4","WP4DFR","2013.F.WP4DFR.8",15,7
"504","2013","West Point 4","WP4SFR","2013.F.WP4SFR.1",21,10
"505","2013","West Point 4","WP4SFR","2013.F.WP4SFR.2",7,3
"506","2013","West Point 4","WP4SFR","2013.F.WP4SFR.3",18,7
"507","2013","West Point 4","WP4SFR","2013.F.WP4SFR.4",8,3
"508","2013","West Point 4","WP4SFR","2013.F.WP4SFR.5",29,8
"509","2013","West Point 4","WP4SFR","2013.F.WP4SFR.6",6,4
"510","2013","West Point 4","WP4SFR","2013.F.WP4SFR.7",6,4
"511","2013","West Point 4","WP4SFR","2013.F.WP4SFR.8",11,4
"512","2013","West Point 5","WP5BR","2013.F.WP5BR.1",83,14
"513","2013","West Point 5","WP5BR","2013.F.WP5BR.2",48,10
"514","2013","West Point 5","WP5BR","2013.F.WP5BR.3",40,10
"515","2013","West Point 5","WP5BR","2013.F.WP5BR.4",30,9
"516","2013","West Point 5","WP5BR","2013.F.WP5BR.5",66,2
"517","2013","West Point 5","WP5BR","2013.F.WP5BR.6",15,7
"518","2013","West Point 5","WP5BR","2013.F.WP5BR.7",10,6
"519","2013","West Point 5","WP5BR","2013.F.WP5BR.8",3,3
"520","2013","West Point 5","WP5DFR","2013.F.WP5DFR.1",23,11
"521","2013","West Point 5","WP5DFR","2013.F.WP5DFR.2",20,9
"522","2013","West Point 5","WP5DFR","2013.F.WP5DFR.3",16,6
"523","2013","West Point 5","WP5DFR","2013.F.WP5DFR.4",14,6
"524","2013","West Point 5","WP5DFR","2013.F.WP5DFR.5",82,16
"525","2013","West Point 5","WP5DFR","2013.F.WP5DFR.6",29,11
"526","2013","West Point 5","WP5DFR","2013.F.WP5DFR.7",42,15
"527","2013","West Point 5","WP5DFR","2013.F.WP5DFR.8",49,14
"528","2013","West Point 5","WP5SFR","2013.F.WP5SFR.1",38,13
"529","2013","West Point 5","WP5SFR","2013.F.WP5SFR.2",30,11
"530","2013","West Point 5","WP5SFR","2013.F.WP5SFR.3",6,4
"531","2013","West Point 5","WP5SFR","2013.F.WP5SFR.4",7,6
"532","2013","West Point 5","WP5SFR","2013.F.WP5SFR.5",64,16
"533","2013","West Point 5","WP5SFR","2013.F.WP5SFR.6",51,10
"534","2013","West Point 5","WP5SFR","2013.F.WP5SFR.7",16,8
"535","2013","West Point 5","WP5SFR","2013.F.WP5SFR.8",5,4
"536","2014","1062","1062BR","2014.F.1062BR.1",47,12
"537","2014","1062","1062BR","2014.F.1062BR.2",34,9
"538","2014","1062","1062BR","2014.F.1062BR.3",24,13
"539","2014","1062","1062BR","2014.F.1062BR.4",13,3
"540","2014","1062","1062BR","2014.F.1062BR.5",9,7
"541","2014","1062","1062BR","2014.F.1062BR.6",260,9
"542","2014","1062","1062BR","2014.F.1062BR.7",88,10
"543","2014","1062","1062BR","2014.F.1062BR.8",112,9
"544","2014","1062","1062DFR","2014.F.1062DFR.1",20,8
"545","2014","1062","1062DFR","2014.F.1062DFR.2",8,6
"546","2014","1062","1062DFR","2014.F.1062DFR.3",8,6
"547","2014","1062","1062DFR","2014.F.1062DFR.4",4,4
"548","2014","1062","1062DFR","2014.F.1062DFR.5",11,5
"549","2014","1062","1062DFR","2014.F.1062DFR.6",14,6
"550","2014","1062","1062DFR","2014.F.1062DFR.7",17,4
"551","2014","1062","1062DFR","2014.F.1062DFR.8",11,5
"552","2014","1062","1062SFR","2014.F.1062SFR.1",119,10
"553","2014","1062","1062SFR","2014.F.1062SFR.2",146,15
"554","2014","1062","1062SFR","2014.F.1062SFR.3",165,17
"555","2014","1062","1062SFR","2014.F.1062SFR.4",296,8
"556","2014","1062","1062SFR","2014.F.1062SFR.5",124,13
"557","2014","1062","1062SFR","2014.F.1062SFR.6",46,10
"558","2014","1062","1062SFR","2014.F.1062SFR.7",145,8
"559","2014","1062","1062SFR","2014.F.1062SFR.8",36,12
"560","2014","1071","1071DFR","2014.F.1071DFR.1",28,13
"561","2014","1071","1071DFR","2014.F.1071DFR.2",16,6
"562","2014","1071","1071DFR","2014.F.1071DFR.3",10,4
"563","2014","1071","1071DFR","2014.F.1071DFR.4",22,10
"564","2014","1071","1071DFR","2014.F.1071DFR.5",56,14
"565","2014","1071","1071DFR","2014.F.1071DFR.6",81,16
"566","2014","1071","1071DFR","2014.F.1071DFR.7",47,9
"567","2014","1071","1071DFR","2014.F.1071DFR.8",64,13
"568","2014","1071","1071SFR","2014.F.1071SFR.1",30,12
"569","2014","1071","1071SFR","2014.F.1071SFR.2",12,7
"570","2014","1071","1071SFR","2014.F.1071SFR.3",43,14
"571","2014","1071","1071SFR","2014.F.1071SFR.4",21,9
"572","2014","1071","1071SFR","2014.F.1071SFR.5",18,9
"573","2014","1071","1071SFR","2014.F.1071SFR.6",40,14
"574","2014","1071","1071SFR","2014.F.1071SFR.7",19,10
"575","2014","1071","1071SFR","2014.F.1071SFR.8",17,5
"576","2014","1206","1206BR","2014.F.1206BR.1",13,6
"577","2014","1206","1206BR","2014.F.1206BR.2",18,12
"578","2014","1206","1206BR","2014.F.1206BR.3",4,2
"579","2014","1206","1206BR","2014.F.1206BR.4",13,8
"580","2014","1206","1206BR","2014.F.1206BR.5",20,10
"581","2014","1206","1206BR","2014.F.1206BR.6",22,6
"582","2014","1206","1206BR","2014.F.1206BR.7",23,5
"583","2014","1206","1206BR","2014.F.1206BR.8",34,10
"584","2014","1206","1206DFR","2014.F.1206DFR.1",11,7
"585","2014","1206","1206DFR","2014.F.1206DFR.2",18,9
"586","2014","1206","1206DFR","2014.F.1206DFR.3",23,12
"587","2014","1206","1206DFR","2014.F.1206DFR.4",17,10
"588","2014","1206","1206DFR","2014.F.1206DFR.5",15,8
"589","2014","1206","1206DFR","2014.F.1206DFR.6",24,14
"590","2014","1206","1206DFR","2014.F.1206DFR.7",25,11
"591","2014","1206","1206DFR","2014.F.1206DFR.8",15,8
"592","2014","1206","1206SFR","2014.F.1206SFR.1",29,10
"593","2014","1206","1206SFR","2014.F.1206SFR.2",23,9
"594","2014","1206","1206SFR","2014.F.1206SFR.3",35,13
"595","2014","1206","1206SFR","2014.F.1206SFR.4",15,7
"596","2014","1206","1206SFR","2014.F.1206SFR.5",10,5
"597","2014","1206","1206SFR","2014.F.1206SFR.6",16,10
"598","2014","1206","1206SFR","2014.F.1206SFR.7",8,4
"599","2014","1206","1206SFR","2014.F.1206SFR.8",10,7
"600","2014","Caye Bokel","CBBR","2014.F.CBBR.1",11,5
"601","2014","Caye Bokel","CBBR","2014.F.CBBR.2",34,12
"602","2014","Caye Bokel","CBBR","2014.F.CBBR.3",77,10
"603","2014","Caye Bokel","CBBR","2014.F.CBBR.4",28,9
"604","2014","Caye Bokel","CBBR","2014.F.CBBR.5",37,12
"605","2014","Caye Bokel","CBBR","2014.F.CBBR.6",19,12
"606","2014","Caye Bokel","CBBR","2014.F.CBBR.7",28,9
"607","2014","Caye Bokel","CBBR","2014.F.CBBR.8",37,11
"608","2014","Caye Bokel","CBDFR","2014.F.CBDFR.1",14,6
"609","2014","Caye Bokel","CBDFR","2014.F.CBDFR.2",26,14
"610","2014","Caye Bokel","CBDFR","2014.F.CBDFR.3",29,8
"611","2014","Caye Bokel","CBDFR","2014.F.CBDFR.4",16,6
"612","2014","Caye Bokel","CBDFR","2014.F.CBDFR.5",24,12
"613","2014","Caye Bokel","CBDFR","2014.F.CBDFR.6",20,7
"614","2014","Caye Bokel","CBDFR","2014.F.CBDFR.7",28,13
"615","2014","Caye Bokel","CBDFR","2014.F.CBDFR.8",17,9
"616","2014","Caye Bokel","CBSFR","2014.F.CBSFR.1",15,4
"617","2014","Caye Bokel","CBSFR","2014.F.CBSFR.2",18,7
"618","2014","Caye Bokel","CBSFR","2014.F.CBSFR.3",13,7
"619","2014","Caye Bokel","CBSFR","2014.F.CBSFR.4",17,7
"620","2014","Caye Bokel","CBSFR","2014.F.CBSFR.5",26,10
"621","2014","Caye Bokel","CBSFR","2014.F.CBSFR.6",16,5
"622","2014","Caye Bokel","CBSFR","2014.F.CBSFR.7",11,5
"623","2014","Caye Bokel","CBSFR","2014.F.CBSFR.8",36,10
"624","2014","Mauger Point","MPDFR","2014.F.MPDFR.1",15,11
"625","2014","Mauger Point","MPDFR","2014.F.MPDFR.2",9,6
"626","2014","Mauger Point","MPDFR","2014.F.MPDFR.3",22,13
"627","2014","Mauger Point","MPDFR","2014.F.MPDFR.4",19,9
"628","2014","Mauger Point","MPDFR","2014.F.MPDFR.5",15,10
"629","2014","Mauger Point","MPDFR","2014.F.MPDFR.6",36,10
"630","2014","Mauger Point","MPDFR","2014.F.MPDFR.7",22,10
"631","2014","Mauger Point","MPDFR","2014.F.MPDFR.8",29,14
"632","2014","Mauger Point","MPSFR","2014.F.MPSFR.1",11,6
"633","2014","Mauger Point","MPSFR","2014.F.MPSFR.2",12,6
"634","2014","Mauger Point","MPSFR","2014.F.MPSFR.3",9,5
"635","2014","Mauger Point","MPSFR","2014.F.MPSFR.4",17,8
"636","2014","Mauger Point","MPSFR","2014.F.MPSFR.5",16,7
"637","2014","Mauger Point","MPSFR","2014.F.MPSFR.6",16,8
"638","2014","Mauger Point","MPSFR","2014.F.MPSFR.7",30,9
"639","2014","Mauger Point","MPSFR","2014.F.MPSFR.8",38,12
"640","2014","Soldier Point","SPDFR","2014.F.SPDFR.1",28,13
"641","2014","Soldier Point","SPDFR","2014.F.SPDFR.2",15,9
"642","2014","Soldier Point","SPDFR","2014.F.SPDFR.3",25,16
"643","2014","Soldier Point","SPDFR","2014.F.SPDFR.4",11,5
"644","2014","Soldier Point","SPDFR","2014.F.SPDFR.5",15,5
"645","2014","Soldier Point","SPDFR","2014.F.SPDFR.6",20,10
"646","2014","Soldier Point","SPDFR","2014.F.SPDFR.7",43,11
"647","2014","Soldier Point","SPDFR","2014.F.SPDFR.8",15,8
"648","2014","Soldier Point","SPSFR","2014.F.SPSFR.1",16,7
"649","2014","Soldier Point","SPSFR","2014.F.SPSFR.2",20,9
"650","2014","Soldier Point","SPSFR","2014.F.SPSFR.3",12,7
"651","2014","Soldier Point","SPSFR","2014.F.SPSFR.4",6,2
"652","2014","Soldier Point","SPSFR","2014.F.SPSFR.5",15,7
"653","2014","Soldier Point","SPSFR","2014.F.SPSFR.6",17,10
"654","2014","Soldier Point","SPSFR","2014.F.SPSFR.7",16,9
"655","2014","Soldier Point","SPSFR","2014.F.SPSFR.8",20,9
"656","2014","West Point 4","WP4BR","2014.F.WP4BR.1",29,12
"657","2014","West Point 4","WP4BR","2014.F.WP4BR.2",22,9
"658","2014","West Point 4","WP4BR","2014.F.WP4BR.3",52,13
"659","2014","West Point 4","WP4BR","2014.F.WP4BR.4",57,11
"660","2014","West Point 4","WP4BR","2014.F.WP4BR.5",111,10
"661","2014","West Point 4","WP4BR","2014.F.WP4BR.6",17,9
"662","2014","West Point 4","WP4BR","2014.F.WP4BR.7",75,12
"663","2014","West Point 4","WP4BR","2014.F.WP4BR.8",39,12
"664","2014","West Point 4","WP4DFR","2014.F.WP4DFR.1",26,14
"665","2014","West Point 4","WP4DFR","2014.F.WP4DFR.2",34,17
"666","2014","West Point 4","WP4DFR","2014.F.WP4DFR.3",34,12
"667","2014","West Point 4","WP4DFR","2014.F.WP4DFR.4",15,7
"668","2014","West Point 4","WP4DFR","2014.F.WP4DFR.5",22,10
"669","2014","West Point 4","WP4DFR","2014.F.WP4DFR.6",23,12
"670","2014","West Point 4","WP4DFR","2014.F.WP4DFR.7",16,8
"671","2014","West Point 4","WP4DFR","2014.F.WP4DFR.8",21,11
"672","2014","West Point 4","WP4SFR","2014.F.WP4SFR.1",1,1
"673","2014","West Point 4","WP4SFR","2014.F.WP4SFR.2",21,12
"674","2014","West Point 4","WP4SFR","2014.F.WP4SFR.3",15,8
"675","2014","West Point 4","WP4SFR","2014.F.WP4SFR.4",13,4
"676","2014","West Point 4","WP4SFR","2014.F.WP4SFR.5",20,9
"677","2014","West Point 4","WP4SFR","2014.F.WP4SFR.6",7,4
"678","2014","West Point 4","WP4SFR","2014.F.WP4SFR.7",18,10
"679","2014","West Point 4","WP4SFR","2014.F.WP4SFR.8",38,10
"680","2014","West Point 5","WP5BR","2014.F.WP5BR.1",18,11
"681","2014","West Point 5","WP5BR","2014.F.WP5BR.2",25,9
"682","2014","West Point 5","WP5BR","2014.F.WP5BR.3",15,9
"683","2014","West Point 5","WP5BR","2014.F.WP5BR.4",21,10
"684","2014","West Point 5","WP5BR","2014.F.WP5BR.5",37,11
"685","2014","West Point 5","WP5BR","2014.F.WP5BR.6",14,11
"686","2014","West Point 5","WP5BR","2014.F.WP5BR.7",30,10
"687","2014","West Point 5","WP5BR","2014.F.WP5BR.8",3,2
"688","2014","West Point 5","WP5DFR","2014.F.WP5DFR.1",30,13
"689","2014","West Point 5","WP5DFR","2014.F.WP5DFR.2",8,6
"690","2014","West Point 5","WP5DFR","2014.F.WP5DFR.3",8,5
"691","2014","West Point 5","WP5DFR","2014.F.WP5DFR.4",11,8
"692","2014","West Point 5","WP5DFR","2014.F.WP5DFR.5",14,7
"693","2014","West Point 5","WP5DFR","2014.F.WP5DFR.6",20,10
"694","2014","West Point 5","WP5DFR","2014.F.WP5DFR.7",7,3
"695","2014","West Point 5","WP5DFR","2014.F.WP5DFR.8",11,7
"696","2014","West Point 5","WP5SFR","2014.F.WP5SFR.1",30,13
"697","2014","West Point 5","WP5SFR","2014.F.WP5SFR.2",8,6
"698","2014","West Point 5","WP5SFR","2014.F.WP5SFR.3",8,5
"699","2014","West Point 5","WP5SFR","2014.F.WP5SFR.4",11,8
"700","2014","West Point 5","WP5SFR","2014.F.WP5SFR.5",14,7
"701","2014","West Point 5","WP5SFR","2014.F.WP5SFR.6",20,10
"702","2014","West Point 5","WP5SFR","2014.F.WP5SFR.7",7,3
"703","2014","West Point 5","WP5SFR","2014.F.WP5SFR.8",11,7
"704","2015","1062","1062BR","2015.F.1062BR.1",24,11
"705","2015","1062","1062BR","2015.F.1062BR.2",55,9
"706","2015","1062","1062BR","2015.F.1062BR.3",59,5
"707","2015","1062","1062BR","2015.F.1062BR.4",26,13
"708","2015","1062","1062BR","2015.F.1062BR.5",16,9
"709","2015","1062","1062BR","2015.F.1062BR.6",36,8
"710","2015","1062","1062BR","2015.F.1062BR.7",70,5
"711","2015","1062","1062BR","2015.F.1062BR.8",107,6
"712","2015","1062","1062DFR","2015.F.1062DFR.1",14,8
"713","2015","1062","1062DFR","2015.F.1062DFR.2",5,3
"714","2015","1062","1062DFR","2015.F.1062DFR.3",7,5
"715","2015","1062","1062DFR","2015.F.1062DFR.4",16,7
"716","2015","1062","1062DFR","2015.F.1062DFR.5",15,10
"717","2015","1062","1062DFR","2015.F.1062DFR.6",4,3
"718","2015","1062","1062DFR","2015.F.1062DFR.7",4,2
"719","2015","1062","1062DFR","2015.F.1062DFR.8",21,9
"720","2015","1062","1062SFR","2015.F.1062SFR.1",55,13
"721","2015","1062","1062SFR","2015.F.1062SFR.2",22,6
"722","2015","1062","1062SFR","2015.F.1062SFR.3",33,8
"723","2015","1062","1062SFR","2015.F.1062SFR.4",29,10
"724","2015","1062","1062SFR","2015.F.1062SFR.5",45,13
"725","2015","1062","1062SFR","2015.F.1062SFR.6",50,16
"726","2015","1062","1062SFR","2015.F.1062SFR.7",9,7
"727","2015","1062","1062SFR","2015.F.1062SFR.8",8,3
"728","2015","1071","1071DFR","2015.F.1071DFR.1",7,5
"729","2015","1071","1071DFR","2015.F.1071DFR.2",21,7
"730","2015","1071","1071DFR","2015.F.1071DFR.3",3,2
"731","2015","1071","1071DFR","2015.F.1071DFR.4",14,8
"732","2015","1071","1071DFR","2015.F.1071DFR.5",12,4
"733","2015","1071","1071DFR","2015.F.1071DFR.6",10,6
"734","2015","1071","1071DFR","2015.F.1071DFR.7",9,4
"735","2015","1071","1071DFR","2015.F.1071DFR.8",13,7
"736","2015","1071","1071SFR","2015.F.1071SFR.1",25,8
"737","2015","1071","1071SFR","2015.F.1071SFR.2",9,6
"738","2015","1071","1071SFR","2015.F.1071SFR.3",10,7
"739","2015","1071","1071SFR","2015.F.1071SFR.4",4,4
"740","2015","1071","1071SFR","2015.F.1071SFR.5",17,7
"741","2015","1071","1071SFR","2015.F.1071SFR.6",14,10
"742","2015","1071","1071SFR","2015.F.1071SFR.7",26,9
"743","2015","1071","1071SFR","2015.F.1071SFR.8",9,6
"744","2015","1206","1206BR","2015.F.1206BR.1",16,8
"745","2015","1206","1206BR","2015.F.1206BR.2",9,5
"746","2015","1206","1206BR","2015.F.1206BR.3",3,3
"747","2015","1206","1206BR","2015.F.1206BR.4",13,8
"748","2015","1206","1206BR","2015.F.1206BR.5",29,8
"749","2015","1206","1206BR","2015.F.1206BR.6",2,2
"750","2015","1206","1206BR","2015.F.1206BR.7",0,0
"751","2015","1206","1206BR","2015.F.1206BR.8",0,0
"752","2015","1206","1206DFR","2015.F.1206DFR.1",19,10
"753","2015","1206","1206DFR","2015.F.1206DFR.2",20,9
"754","2015","1206","1206DFR","2015.F.1206DFR.3",16,6
"755","2015","1206","1206DFR","2015.F.1206DFR.4",24,11
"756","2015","1206","1206DFR","2015.F.1206DFR.5",10,5
"757","2015","1206","1206DFR","2015.F.1206DFR.6",16,8
"758","2015","1206","1206DFR","2015.F.1206DFR.7",12,6
"759","2015","1206","1206DFR","2015.F.1206DFR.8",17,11
"760","2015","1206","1206SFR","2015.F.1206SFR.1",15,9
"761","2015","1206","1206SFR","2015.F.1206SFR.2",31,9
"762","2015","1206","1206SFR","2015.F.1206SFR.3",12,8
"763","2015","1206","1206SFR","2015.F.1206SFR.4",30,12
"764","2015","1206","1206SFR","2015.F.1206SFR.5",31,11
"765","2015","1206","1206SFR","2015.F.1206SFR.6",12,7
"766","2015","1206","1206SFR","2015.F.1206SFR.7",27,9
"767","2015","1206","1206SFR","2015.F.1206SFR.8",5,5
"768","2015","Caye Bokel","CBBR","2015.F.CBBR.1",35,8
"769","2015","Caye Bokel","CBBR","2015.F.CBBR.2",11,6
"770","2015","Caye Bokel","CBBR","2015.F.CBBR.3",9,4
"771","2015","Caye Bokel","CBBR","2015.F.CBBR.4",14,6
"772","2015","Caye Bokel","CBBR","2015.F.CBBR.5",4,4
"773","2015","Caye Bokel","CBBR","2015.F.CBBR.6",10,5
"774","2015","Caye Bokel","CBBR","2015.F.CBBR.7",22,8
"775","2015","Caye Bokel","CBBR","2015.F.CBBR.8",9,6
"776","2015","Caye Bokel","CBDFR","2015.F.CBDFR.1",23,9
"777","2015","Caye Bokel","CBDFR","2015.F.CBDFR.2",16,7
"778","2015","Caye Bokel","CBDFR","2015.F.CBDFR.3",18,9
"779","2015","Caye Bokel","CBDFR","2015.F.CBDFR.4",12,6
"780","2015","Caye Bokel","CBDFR","2015.F.CBDFR.5",32,13
"781","2015","Caye Bokel","CBDFR","2015.F.CBDFR.6",25,10
"782","2015","Caye Bokel","CBDFR","2015.F.CBDFR.7",25,7
"783","2015","Caye Bokel","CBDFR","2015.F.CBDFR.8",19,11
"784","2015","Caye Bokel","CBSFR","2015.F.CBSFR.1",9,5
"785","2015","Caye Bokel","CBSFR","2015.F.CBSFR.2",7,6
"786","2015","Caye Bokel","CBSFR","2015.F.CBSFR.3",16,6
"787","2015","Caye Bokel","CBSFR","2015.F.CBSFR.4",23,10
"788","2015","Caye Bokel","CBSFR","2015.F.CBSFR.5",12,7
"789","2015","Caye Bokel","CBSFR","2015.F.CBSFR.6",10,7
"790","2015","Caye Bokel","CBSFR","2015.F.CBSFR.7",17,5
"791","2015","Caye Bokel","CBSFR","2015.F.CBSFR.8",9,5
"792","2015","Cockroach Zone 2","CZ2DFR","2015.F.CZ2DFR.1",8,7
"793","2015","Cockroach Zone 2","CZ2DFR","2015.F.CZ2DFR.2",12,4
"794","2015","Cockroach Zone 2","CZ2DFR","2015.F.CZ2DFR.3",17,5
"795","2015","Cockroach Zone 2","CZ2DFR","2015.F.CZ2DFR.4",12,10
"796","2015","Cockroach Zone 2","CZ2DFR","2015.F.CZ2DFR.5",11,7
"797","2015","Cockroach Zone 2","CZ2DFR","2015.F.CZ2DFR.6",14,3
"798","2015","Cockroach Zone 2","CZ2DFR","2015.F.CZ2DFR.7",19,11
"799","2015","Cockroach Zone 2","CZ2DFR","2015.F.CZ2DFR.8",25,8
"800","2015","Cockroach Zone 2","CZ2SFR","2015.F.CZ2SFR.1",32,10
"801","2015","Cockroach Zone 2","CZ2SFR","2015.F.CZ2SFR.2",8,5
"802","2015","Cockroach Zone 2","CZ2SFR","2015.F.CZ2SFR.3",5,2
"803","2015","Cockroach Zone 2","CZ2SFR","2015.F.CZ2SFR.4",14,7
"804","2015","Cockroach Zone 2","CZ2SFR","2015.F.CZ2SFR.5",5,4
"805","2015","Cockroach Zone 2","CZ2SFR","2015.F.CZ2SFR.6",5,3
"806","2015","Cockroach Zone 2","CZ2SFR","2015.F.CZ2SFR.7",11,3
"807","2015","Cockroach Zone 2","CZ2SFR","2015.F.CZ2SFR.8",6,4
"808","2015","Mauger Point","MPDFR","2015.F.MPDFR.1",28,13
"809","2015","Mauger Point","MPDFR","2015.F.MPDFR.2",16,10
"810","2015","Mauger Point","MPDFR","2015.F.MPDFR.3",27,9
"811","2015","Mauger Point","MPDFR","2015.F.MPDFR.4",23,10
"812","2015","Mauger Point","MPDFR","2015.F.MPDFR.5",8,6
"813","2015","Mauger Point","MPDFR","2015.F.MPDFR.6",31,9
"814","2015","Mauger Point","MPDFR","2015.F.MPDFR.7",27,10
"815","2015","Mauger Point","MPDFR","2015.F.MPDFR.8",27,9
"816","2015","Mauger Point","MPSFR","2015.F.MPSFR.1",17,11
"817","2015","Mauger Point","MPSFR","2015.F.MPSFR.2",7,5
"818","2015","Mauger Point","MPSFR","2015.F.MPSFR.3",18,10
"819","2015","Mauger Point","MPSFR","2015.F.MPSFR.4",25,11
"820","2015","Mauger Point","MPSFR","2015.F.MPSFR.5",5,2
"821","2015","Mauger Point","MPSFR","2015.F.MPSFR.6",30,8
"822","2015","Mauger Point","MPSFR","2015.F.MPSFR.7",23,12
"823","2015","Mauger Point","MPSFR","2015.F.MPSFR.8",27,10
"824","2015","Soldier Point","SPDFR","2015.F.SPDFR.1",6,3
"825","2015","Soldier Point","SPDFR","2015.F.SPDFR.2",26,6
"826","2015","Soldier Point","SPDFR","2015.F.SPDFR.3",9,5
"827","2015","Soldier Point","SPDFR","2015.F.SPDFR.4",12,8
"828","2015","Soldier Point","SPDFR","2015.F.SPDFR.5",11,7
"829","2015","Soldier Point","SPDFR","2015.F.SPDFR.6",11,6
"830","2015","Soldier Point","SPDFR","2015.F.SPDFR.7",14,9
"831","2015","Soldier Point","SPDFR","2015.F.SPDFR.8",12,8
"832","2015","Soldier Point","SPSFR","2015.F.SPSFR.1",13,8
"833","2015","Soldier Point","SPSFR","2015.F.SPSFR.2",2,2
"834","2015","Soldier Point","SPSFR","2015.F.SPSFR.3",9,5
"835","2015","Soldier Point","SPSFR","2015.F.SPSFR.4",7,5
"836","2015","Soldier Point","SPSFR","2015.F.SPSFR.5",7,5
"837","2015","Soldier Point","SPSFR","2015.F.SPSFR.6",10,7
"838","2015","Soldier Point","SPSFR","2015.F.SPSFR.7",11,7
"839","2015","Soldier Point","SPSFR","2015.F.SPSFR.8",5,4
"840","2015","West Point 4","WP4BR","2015.F.WP4BR.1",19,9
"841","2015","West Point 4","WP4BR","2015.F.WP4BR.2",12,7
"842","2015","West Point 4","WP4BR","2015.F.WP4BR.3",15,8
"843","2015","West Point 4","WP4BR","2015.F.WP4BR.4",14,7
"844","2015","West Point 4","WP4BR","2015.F.WP4BR.5",24,9
"845","2015","West Point 4","WP4BR","2015.F.WP4BR.6",10,7
"846","2015","West Point 4","WP4BR","2015.F.WP4BR.7",40,11
"847","2015","West Point 4","WP4BR","2015.F.WP4BR.8",35,10
"848","2015","West Point 4","WP4DFR","2015.F.WP4DFR.1",16,12
"849","2015","West Point 4","WP4DFR","2015.F.WP4DFR.2",16,8
"850","2015","West Point 4","WP4DFR","2015.F.WP4DFR.3",10,6
"851","2015","West Point 4","WP4DFR","2015.F.WP4DFR.4",15,9
"852","2015","West Point 4","WP4DFR","2015.F.WP4DFR.5",25,13
"853","2015","West Point 4","WP4DFR","2015.F.WP4DFR.6",11,6
"854","2015","West Point 4","WP4DFR","2015.F.WP4DFR.7",13,9
"855","2015","West Point 4","WP4DFR","2015.F.WP4DFR.8",13,6
"856","2015","West Point 4","WP4SFR","2015.F.WP4SFR.1",30,6
"857","2015","West Point 4","WP4SFR","2015.F.WP4SFR.2",4,4
"858","2015","West Point 4","WP4SFR","2015.F.WP4SFR.3",18,9
"859","2015","West Point 4","WP4SFR","2015.F.WP4SFR.4",6,5
"860","2015","West Point 4","WP4SFR","2015.F.WP4SFR.5",24,9
"861","2015","West Point 4","WP4SFR","2015.F.WP4SFR.6",9,5
"862","2015","West Point 4","WP4SFR","2015.F.WP4SFR.7",11,6
"863","2015","West Point 4","WP4SFR","2015.F.WP4SFR.8",12,6
"864","2015","West Point 5","WP5BR","2015.F.WP5BR.1",17,9
"865","2015","West Point 5","WP5BR","2015.F.WP5BR.2",20,6
"866","2015","West Point 5","WP5BR","2015.F.WP5BR.3",27,12
"867","2015","West Point 5","WP5BR","2015.F.WP5BR.4",13,11
"868","2015","West Point 5","WP5BR","2015.F.WP5BR.5",10,7
"869","2015","West Point 5","WP5BR","2015.F.WP5BR.6",23,10
"870","2015","West Point 5","WP5BR","2015.F.WP5BR.7",41,10
"871","2015","West Point 5","WP5BR","2015.F.WP5BR.8",30,12
"872","2015","West Point 5","WP5DFR","2015.F.WP5DFR.1",18,11
"873","2015","West Point 5","WP5DFR","2015.F.WP5DFR.2",25,9
"874","2015","West Point 5","WP5DFR","2015.F.WP5DFR.3",15,9
"875","2015","West Point 5","WP5DFR","2015.F.WP5DFR.4",21,10
"876","2015","West Point 5","WP5DFR","2015.F.WP5DFR.5",37,11
"877","2015","West Point 5","WP5DFR","2015.F.WP5DFR.6",14,11
"878","2015","West Point 5","WP5DFR","2015.F.WP5DFR.7",30,10
"879","2015","West Point 5","WP5DFR","2015.F.WP5DFR.8",3,2
"880","2015","West Point 5","WP5SFR","2015.F.WP5SFR.1",9,4
"881","2015","West Point 5","WP5SFR","2015.F.WP5SFR.2",4,3
"882","2015","West Point 5","WP5SFR","2015.F.WP5SFR.3",1,1
"883","2015","West Point 5","WP5SFR","2015.F.WP5SFR.4",7,5
"884","2015","West Point 5","WP5SFR","2015.F.WP5SFR.5",14,7
"885","2015","West Point 5","WP5SFR","2015.F.WP5SFR.6",9,4
"886","2015","West Point 5","WP5SFR","2015.F.WP5SFR.7",8,3
"887","2015","West Point 5","WP5SFR","2015.F.WP5SFR.8",17,8
"888","2017","1062","1062BR","2017.F.1062BR.1",34,12
"889","2017","1062","1062BR","2017.F.1062BR.2",13,6
"890","2017","1062","1062BR","2017.F.1062BR.3",32,9
"891","2017","1062","1062BR","2017.F.1062BR.4",13,8
"892","2017","1062","1062BR","2017.F.1062BR.5",13,7
"893","2017","1062","1062BR","2017.F.1062BR.6",22,12
"894","2017","1062","1062BR","2017.F.1062BR.7",20,8
"895","2017","1062","1062BR","2017.F.1062BR.8",12,8
"896","2017","1062","1062DFR","2017.F.1062DFR.1",53,8
"897","2017","1062","1062DFR","2017.F.1062DFR.2",12,6
"898","2017","1062","1062DFR","2017.F.1062DFR.3",8,4
"899","2017","1062","1062DFR","2017.F.1062DFR.4",20,6
"900","2017","1062","1062DFR","2017.F.1062DFR.5",17,7
"901","2017","1062","1062DFR","2017.F.1062DFR.6",7,5
"902","2017","1062","1062DFR","2017.F.1062DFR.7",13,6
"903","2017","1062","1062DFR","2017.F.1062DFR.8",5,4
"904","2017","1062","1062SFR","2017.F.1062SFR.1",20,10
"905","2017","1062","1062SFR","2017.F.1062SFR.2",18,10
"906","2017","1062","1062SFR","2017.F.1062SFR.3",30,12
"907","2017","1062","1062SFR","2017.F.1062SFR.4",16,7
"908","2017","1062","1062SFR","2017.F.1062SFR.5",17,5
"909","2017","1062","1062SFR","2017.F.1062SFR.6",4,2
"910","2017","1062","1062SFR","2017.F.1062SFR.7",18,5
"911","2017","1062","1062SFR","2017.F.1062SFR.8",12,7
"912","2017","1071","1071DFR","2017.F.1071DFR.1",4,3
"913","2017","1071","1071DFR","2017.F.1071DFR.2",5,3
"914","2017","1071","1071DFR","2017.F.1071DFR.3",10,7
"915","2017","1071","1071DFR","2017.F.1071DFR.4",3,3
"916","2017","1071","1071DFR","2017.F.1071DFR.5",8,5
"917","2017","1071","1071DFR","2017.F.1071DFR.6",5,4
"918","2017","1071","1071DFR","2017.F.1071DFR.7",0,0
"919","2017","1071","1071DFR","2017.F.1071DFR.8",6,3
"920","2017","1071","1071SFR","2017.F.1071SFR.1",5,2
"921","2017","1071","1071SFR","2017.F.1071SFR.2",13,4
"922","2017","1071","1071SFR","2017.F.1071SFR.3",8,5
"923","2017","1071","1071SFR","2017.F.1071SFR.4",9,6
"924","2017","1071","1071SFR","2017.F.1071SFR.5",10,8
"925","2017","1071","1071SFR","2017.F.1071SFR.6",15,7
"926","2017","1071","1071SFR","2017.F.1071SFR.7",7,4
"927","2017","1071","1071SFR","2017.F.1071SFR.8",7,6
"928","2017","1206","1206BR","2017.F.1206BR.1",13,6
"929","2017","1206","1206BR","2017.F.1206BR.2",4,2
"930","2017","1206","1206BR","2017.F.1206BR.3",11,9
"931","2017","1206","1206BR","2017.F.1206BR.4",11,6
"932","2017","1206","1206BR","2017.F.1206BR.5",17,6
"933","2017","1206","1206BR","2017.F.1206BR.6",11,5
"934","2017","1206","1206BR","2017.F.1206BR.7",32,11
"935","2017","1206","1206BR","2017.F.1206BR.8",18,8
"936","2017","1206","1206DFR","2017.F.1206DFR.1",28,10
"937","2017","1206","1206DFR","2017.F.1206DFR.2",14,8
"938","2017","1206","1206DFR","2017.F.1206DFR.3",14,11
"939","2017","1206","1206DFR","2017.F.1206DFR.4",20,9
"940","2017","1206","1206DFR","2017.F.1206DFR.5",22,9
"941","2017","1206","1206DFR","2017.F.1206DFR.6",18,7
"942","2017","1206","1206DFR","2017.F.1206DFR.7",22,8
"943","2017","1206","1206DFR","2017.F.1206DFR.8",14,9
"944","2017","1206","1206SFR","2017.F.1206SFR.1",12,7
"945","2017","1206","1206SFR","2017.F.1206SFR.2",13,5
"946","2017","1206","1206SFR","2017.F.1206SFR.3",31,8
"947","2017","1206","1206SFR","2017.F.1206SFR.4",19,9
"948","2017","1206","1206SFR","2017.F.1206SFR.5",19,9
"949","2017","1206","1206SFR","2017.F.1206SFR.6",27,4
"950","2017","1206","1206SFR","2017.F.1206SFR.7",20,5
"951","2017","1206","1206SFR","2017.F.1206SFR.8",24,8
"952","2017","Caye Bokel","CBBR","2017.F.CBBR.1",52,6
"953","2017","Caye Bokel","CBBR","2017.F.CBBR.2",43,9
"954","2017","Caye Bokel","CBBR","2017.F.CBBR.3",42,9
"955","2017","Caye Bokel","CBBR","2017.F.CBBR.4",48,15
"956","2017","Caye Bokel","CBBR","2017.F.CBBR.5",15,7
"957","2017","Caye Bokel","CBBR","2017.F.CBBR.6",53,8
"958","2017","Caye Bokel","CBBR","2017.F.CBBR.7",52,9
"959","2017","Caye Bokel","CBBR","2017.F.CBBR.8",67,13
"960","2017","Caye Bokel","CBDFR","2017.F.CBDFR.1",31,11
"961","2017","Caye Bokel","CBDFR","2017.F.CBDFR.2",18,9
"962","2017","Caye Bokel","CBDFR","2017.F.CBDFR.3",55,12
"963","2017","Caye Bokel","CBDFR","2017.F.CBDFR.4",15,6
"964","2017","Caye Bokel","CBDFR","2017.F.CBDFR.5",24,9
"965","2017","Caye Bokel","CBDFR","2017.F.CBDFR.6",21,8
"966","2017","Caye Bokel","CBDFR","2017.F.CBDFR.7",22,4
"967","2017","Caye Bokel","CBDFR","2017.F.CBDFR.8",24,10
"968","2017","Caye Bokel","CBSFR","2017.F.CBSFR.1",32,13
"969","2017","Caye Bokel","CBSFR","2017.F.CBSFR.2",15,6
"970","2017","Caye Bokel","CBSFR","2017.F.CBSFR.3",27,10
"971","2017","Caye Bokel","CBSFR","2017.F.CBSFR.4",9,5
"972","2017","Caye Bokel","CBSFR","2017.F.CBSFR.5",38,9
"973","2017","Caye Bokel","CBSFR","2017.F.CBSFR.6",9,6
"974","2017","Caye Bokel","CBSFR","2017.F.CBSFR.7",36,12
"975","2017","Caye Bokel","CBSFR","2017.F.CBSFR.8",28,5
"976","2017","Cockroach Zone 2","CZ2DFR","2017.F.CZ2DFR.1",11,5
"977","2017","Cockroach Zone 2","CZ2DFR","2017.F.CZ2DFR.2",9,4
"978","2017","Cockroach Zone 2","CZ2DFR","2017.F.CZ2DFR.3",15,6
"979","2017","Cockroach Zone 2","CZ2DFR","2017.F.CZ2DFR.4",8,3
"980","2017","Cockroach Zone 2","CZ2DFR","2017.F.CZ2DFR.5",32,6
"981","2017","Cockroach Zone 2","CZ2DFR","2017.F.CZ2DFR.6",9,4
"982","2017","Cockroach Zone 2","CZ2DFR","2017.F.CZ2DFR.7",7,3
"983","2017","Cockroach Zone 2","CZ2DFR","2017.F.CZ2DFR.8",5,2
"984","2017","Cockroach Zone 2","CZ2SFR","2017.F.CZ2SFR.1",15,8
"985","2017","Cockroach Zone 2","CZ2SFR","2017.F.CZ2SFR.2",40,9
"986","2017","Cockroach Zone 2","CZ2SFR","2017.F.CZ2SFR.3",9,4
"987","2017","Cockroach Zone 2","CZ2SFR","2017.F.CZ2SFR.4",18,9
"988","2017","Cockroach Zone 2","CZ2SFR","2017.F.CZ2SFR.5",37,13
"989","2017","Cockroach Zone 2","CZ2SFR","2017.F.CZ2SFR.6",16,8
"990","2017","Cockroach Zone 2","CZ2SFR","2017.F.CZ2SFR.7",24,7
"991","2017","Cockroach Zone 2","CZ2SFR","2017.F.CZ2SFR.8",15,5
"992","2017","Mauger Point","MPDFR","2017.F.MPDFR.1",14,7
"993","2017","Mauger Point","MPDFR","2017.F.MPDFR.2",26,13
"994","2017","Mauger Point","MPDFR","2017.F.MPDFR.3",15,6
"995","2017","Mauger Point","MPDFR","2017.F.MPDFR.4",15,6
"996","2017","Mauger Point","MPDFR","2017.F.MPDFR.5",22,10
"997","2017","Mauger Point","MPDFR","2017.F.MPDFR.6",21,5
"998","2017","Mauger Point","MPDFR","2017.F.MPDFR.7",30,10
"999","2017","Mauger Point","MPDFR","2017.F.MPDFR.8",19,12
"1000","2017","Mauger Point","MPSFR","2017.F.MPSFR.1",21,9
"1001","2017","Mauger Point","MPSFR","2017.F.MPSFR.2",15,5
"1002","2017","Mauger Point","MPSFR","2017.F.MPSFR.3",12,3
"1003","2017","Mauger Point","MPSFR","2017.F.MPSFR.4",5,5
"1004","2017","Mauger Point","MPSFR","2017.F.MPSFR.5",9,4
"1005","2017","Mauger Point","MPSFR","2017.F.MPSFR.6",16,7
"1006","2017","Mauger Point","MPSFR","2017.F.MPSFR.7",20,6
"1007","2017","Mauger Point","MPSFR","2017.F.MPSFR.8",12,6
"1008","2017","Soldier Point","SPDFR","2017.F.SPDFR.1",13,6
"1009","2017","Soldier Point","SPDFR","2017.F.SPDFR.2",11,5
"1010","2017","Soldier Point","SPDFR","2017.F.SPDFR.3",21,10
"1011","2017","Soldier Point","SPDFR","2017.F.SPDFR.4",34,10
"1012","2017","Soldier Point","SPDFR","2017.F.SPDFR.5",24,4
"1013","2017","Soldier Point","SPDFR","2017.F.SPDFR.6",23,11
"1014","2017","Soldier Point","SPDFR","2017.F.SPDFR.7",39,11
"1015","2017","Soldier Point","SPDFR","2017.F.SPDFR.8",28,9
"1016","2017","Soldier Point","SPSFR","2017.F.SPSFR.1",30,9
"1017","2017","Soldier Point","SPSFR","2017.F.SPSFR.2",24,9
"1018","2017","Soldier Point","SPSFR","2017.F.SPSFR.3",26,10
"1019","2017","Soldier Point","SPSFR","2017.F.SPSFR.4",27,14
"1020","2017","Soldier Point","SPSFR","2017.F.SPSFR.5",21,8
"1021","2017","Soldier Point","SPSFR","2017.F.SPSFR.6",36,13
"1022","2017","Soldier Point","SPSFR","2017.F.SPSFR.7",48,14
"1023","2017","Soldier Point","SPSFR","2017.F.SPSFR.8",20,10
"1024","2017","West Point 4","WP4BR","2017.F.WP4BR.1",0,0
"1025","2017","West Point 4","WP4BR","2017.F.WP4BR.2",25,6
"1026","2017","West Point 4","WP4BR","2017.F.WP4BR.3",65,12
"1027","2017","West Point 4","WP4BR","2017.F.WP4BR.4",24,7
"1028","2017","West Point 4","WP4BR","2017.F.WP4BR.5",70,8
"1029","2017","West Point 4","WP4BR","2017.F.WP4BR.6",13,6
"1030","2017","West Point 4","WP4BR","2017.F.WP4BR.7",24,9
"1031","2017","West Point 4","WP4BR","2017.F.WP4BR.8",10,6
"1032","2017","West Point 4","WP4DFR","2017.F.WP4DFR.1",29,9
"1033","2017","West Point 4","WP4DFR","2017.F.WP4DFR.2",19,8
"1034","2017","West Point 4","WP4DFR","2017.F.WP4DFR.3",28,11
"1035","2017","West Point 4","WP4DFR","2017.F.WP4DFR.4",14,8
"1036","2017","West Point 4","WP4DFR","2017.F.WP4DFR.5",40,14
"1037","2017","West Point 4","WP4DFR","2017.F.WP4DFR.6",15,9
"1038","2017","West Point 4","WP4DFR","2017.F.WP4DFR.7",18,8
"1039","2017","West Point 4","WP4DFR","2017.F.WP4DFR.8",9,6
"1040","2017","West Point 4","WP4SFR","2017.F.WP4SFR.1",14,4
"1041","2017","West Point 4","WP4SFR","2017.F.WP4SFR.2",10,5
"1042","2017","West Point 4","WP4SFR","2017.F.WP4SFR.3",27,8
"1043","2017","West Point 4","WP4SFR","2017.F.WP4SFR.4",0,0
"1044","2017","West Point 4","WP4SFR","2017.F.WP4SFR.5",33,11
"1045","2017","West Point 4","WP4SFR","2017.F.WP4SFR.6",7,3
"1046","2017","West Point 4","WP4SFR","2017.F.WP4SFR.7",26,11
"1047","2017","West Point 4","WP4SFR","2017.F.WP4SFR.8",7,2
"1048","2018","1062","1062BR","2018.F.1062BR.1",23,11
"1049","2018","1062","1062BR","2018.F.1062BR.2",22,11
"1050","2018","1062","1062BR","2018.F.1062BR.3",35,10
"1051","2018","1062","1062BR","2018.F.1062BR.4",9,6
"1052","2018","1062","1062BR","2018.F.1062BR.5",83,17
"1053","2018","1062","1062BR","2018.F.1062BR.6",24,7
"1054","2018","1062","1062BR","2018.F.1062BR.7",35,11
"1055","2018","1062","1062BR","2018.F.1062BR.8",15,6
"1056","2018","1062","1062DFR","2018.F.1062DFR.1",26,7
"1057","2018","1062","1062DFR","2018.F.1062DFR.2",5,4
"1058","2018","1062","1062DFR","2018.F.1062DFR.3",26,14
"1059","2018","1062","1062DFR","2018.F.1062DFR.4",12,6
"1060","2018","1062","1062DFR","2018.F.1062DFR.5",31,12
"1061","2018","1062","1062DFR","2018.F.1062DFR.6",22,5
"1062","2018","1062","1062DFR","2018.F.1062DFR.7",20,9
"1063","2018","1062","1062DFR","2018.F.1062DFR.8",13,6
"1064","2018","1062","1062SFR","2018.F.1062SFR.1",29,8
"1065","2018","1062","1062SFR","2018.F.1062SFR.2",8,6
"1066","2018","1062","1062SFR","2018.F.1062SFR.3",26,8
"1067","2018","1062","1062SFR","2018.F.1062SFR.4",11,5
"1068","2018","1062","1062SFR","2018.F.1062SFR.5",26,11
"1069","2018","1062","1062SFR","2018.F.1062SFR.6",19,8
"1070","2018","1062","1062SFR","2018.F.1062SFR.7",20,8
"1071","2018","1062","1062SFR","2018.F.1062SFR.8",18,9
"1072","2018","1071","1071DFR","2018.F.1071DFR.1",31,7
"1073","2018","1071","1071DFR","2018.F.1071DFR.2",18,6
"1074","2018","1071","1071DFR","2018.F.1071DFR.3",41,9
"1075","2018","1071","1071DFR","2018.F.1071DFR.4",16,7
"1076","2018","1071","1071DFR","2018.F.1071DFR.5",38,11
"1077","2018","1071","1071DFR","2018.F.1071DFR.6",31,9
"1078","2018","1071","1071DFR","2018.F.1071DFR.7",20,5
"1079","2018","1071","1071DFR","2018.F.1071DFR.8",21,7
"1080","2018","1071","1071SFR","2018.F.1071SFR.1",25,6
"1081","2018","1071","1071SFR","2018.F.1071SFR.2",8,7
"1082","2018","1071","1071SFR","2018.F.1071SFR.3",44,16
"1083","2018","1071","1071SFR","2018.F.1071SFR.4",23,8
"1084","2018","1071","1071SFR","2018.F.1071SFR.5",21,9
"1085","2018","1071","1071SFR","2018.F.1071SFR.6",20,8
"1086","2018","1071","1071SFR","2018.F.1071SFR.7",15,5
"1087","2018","1071","1071SFR","2018.F.1071SFR.8",10,4
"1088","2018","1206","1206BR","2018.F.1206BR.1",15,10
"1089","2018","1206","1206BR","2018.F.1206BR.2",7,4
"1090","2018","1206","1206BR","2018.F.1206BR.3",26,8
"1091","2018","1206","1206BR","2018.F.1206BR.4",11,6
"1092","2018","1206","1206BR","2018.F.1206BR.5",29,11
"1093","2018","1206","1206BR","2018.F.1206BR.6",11,6
"1094","2018","1206","1206BR","2018.F.1206BR.7",29,10
"1095","2018","1206","1206BR","2018.F.1206BR.8",22,9
"1096","2018","1206","1206DFR","2018.F.1206DFR.1",26,10
"1097","2018","1206","1206DFR","2018.F.1206DFR.2",21,7
"1098","2018","1206","1206DFR","2018.F.1206DFR.3",20,12
"1099","2018","1206","1206DFR","2018.F.1206DFR.4",14,7
"1100","2018","1206","1206DFR","2018.F.1206DFR.5",32,11
"1101","2018","1206","1206DFR","2018.F.1206DFR.6",23,11
"1102","2018","1206","1206DFR","2018.F.1206DFR.7",26,12
"1103","2018","1206","1206DFR","2018.F.1206DFR.8",17,8
"1104","2018","1206","1206SFR","2018.F.1206SFR.1",18,9
"1105","2018","1206","1206SFR","2018.F.1206SFR.2",14,8
"1106","2018","1206","1206SFR","2018.F.1206SFR.3",7,5
"1107","2018","1206","1206SFR","2018.F.1206SFR.4",4,2
"1108","2018","1206","1206SFR","2018.F.1206SFR.5",10,5
"1109","2018","1206","1206SFR","2018.F.1206SFR.6",7,5
"1110","2018","1206","1206SFR","2018.F.1206SFR.7",22,9
"1111","2018","1206","1206SFR","2018.F.1206SFR.8",0,0
"1112","2018","Caye Bokel","CBBR","2018.F.CBBR.1",52,10
"1113","2018","Caye Bokel","CBBR","2018.F.CBBR.2",41,10
"1114","2018","Caye Bokel","CBBR","2018.F.CBBR.3",49,11
"1115","2018","Caye Bokel","CBBR","2018.F.CBBR.4",19,7
"1116","2018","Caye Bokel","CBBR","2018.F.CBBR.5",31,9
"1117","2018","Caye Bokel","CBBR","2018.F.CBBR.6",17,7
"1118","2018","Caye Bokel","CBBR","2018.F.CBBR.7",54,12
"1119","2018","Caye Bokel","CBBR","2018.F.CBBR.8",35,10
"1120","2018","Caye Bokel","CBDFR","2018.F.CBDFR.1",29,8
"1121","2018","Caye Bokel","CBDFR","2018.F.CBDFR.2",12,8
"1122","2018","Caye Bokel","CBDFR","2018.F.CBDFR.3",38,11
"1123","2018","Caye Bokel","CBDFR","2018.F.CBDFR.4",18,9
"1124","2018","Caye Bokel","CBDFR","2018.F.CBDFR.5",34,7
"1125","2018","Caye Bokel","CBDFR","2018.F.CBDFR.6",7,7
"1126","2018","Caye Bokel","CBDFR","2018.F.CBDFR.7",26,13
"1127","2018","Caye Bokel","CBDFR","2018.F.CBDFR.8",12,8
"1128","2018","Caye Bokel","CBSFR","2018.F.CBSFR.1",43,16
"1129","2018","Caye Bokel","CBSFR","2018.F.CBSFR.2",21,8
"1130","2018","Caye Bokel","CBSFR","2018.F.CBSFR.3",41,13
"1131","2018","Caye Bokel","CBSFR","2018.F.CBSFR.4",12,5
"1132","2018","Caye Bokel","CBSFR","2018.F.CBSFR.5",22,5
"1133","2018","Caye Bokel","CBSFR","2018.F.CBSFR.6",6,3
"1134","2018","Caye Bokel","CBSFR","2018.F.CBSFR.7",15,10
"1135","2018","Caye Bokel","CBSFR","2018.F.CBSFR.8",15,9
"1136","2018","Cockroach Zone 2","CZ2DFR","2018.F.CZ2DFR.1",26,8
"1137","2018","Cockroach Zone 2","CZ2DFR","2018.F.CZ2DFR.2",33,12
"1138","2018","Cockroach Zone 2","CZ2DFR","2018.F.CZ2DFR.3",22,9
"1139","2018","Cockroach Zone 2","CZ2DFR","2018.F.CZ2DFR.4",0,0
"1140","2018","Cockroach Zone 2","CZ2DFR","2018.F.CZ2DFR.5",26,7
"1141","2018","Cockroach Zone 2","CZ2DFR","2018.F.CZ2DFR.6",32,9
"1142","2018","Cockroach Zone 2","CZ2DFR","2018.F.CZ2DFR.7",24,4
"1143","2018","Cockroach Zone 2","CZ2DFR","2018.F.CZ2DFR.8",8,4
"1144","2018","Cockroach Zone 2","CZ2SFR","2018.F.CZ2SFR.1",58,17
"1145","2018","Cockroach Zone 2","CZ2SFR","2018.F.CZ2SFR.2",18,6
"1146","2018","Cockroach Zone 2","CZ2SFR","2018.F.CZ2SFR.3",59,13
"1147","2018","Cockroach Zone 2","CZ2SFR","2018.F.CZ2SFR.4",24,12
"1148","2018","Cockroach Zone 2","CZ2SFR","2018.F.CZ2SFR.5",53,11
"1149","2018","Cockroach Zone 2","CZ2SFR","2018.F.CZ2SFR.6",18,8
"1150","2018","Cockroach Zone 2","CZ2SFR","2018.F.CZ2SFR.7",29,9
"1151","2018","Cockroach Zone 2","CZ2SFR","2018.F.CZ2SFR.8",8,5
"1152","2018","Mauger Point","MPDFR","2018.F.MPDFR.1",29,13
"1153","2018","Mauger Point","MPDFR","2018.F.MPDFR.2",25,13
"1154","2018","Mauger Point","MPDFR","2018.F.MPDFR.3",23,12
"1155","2018","Mauger Point","MPDFR","2018.F.MPDFR.4",4,3
"1156","2018","Mauger Point","MPDFR","2018.F.MPDFR.5",19,7
"1157","2018","Mauger Point","MPDFR","2018.F.MPDFR.6",0,0
"1158","2018","Mauger Point","MPDFR","2018.F.MPDFR.7",18,11
"1159","2018","Mauger Point","MPDFR","2018.F.MPDFR.8",13,6
"1160","2018","Mauger Point","MPSFR","2018.F.MPSFR.1",31,11
"1161","2018","Mauger Point","MPSFR","2018.F.MPSFR.2",10,6
"1162","2018","Mauger Point","MPSFR","2018.F.MPSFR.3",21,8
"1163","2018","Mauger Point","MPSFR","2018.F.MPSFR.4",18,8
"1164","2018","Mauger Point","MPSFR","2018.F.MPSFR.5",23,10
"1165","2018","Mauger Point","MPSFR","2018.F.MPSFR.6",11,7
"1166","2018","Mauger Point","MPSFR","2018.F.MPSFR.7",22,9
"1167","2018","Mauger Point","MPSFR","2018.F.MPSFR.8",16,10
"1168","2018","Soldier Point","SPBR","2018.F.SPBR.1",8,4
"1169","2018","Soldier Point","SPBR","2018.F.SPBR.2",13,2
"1170","2018","Soldier Point","SPBR","2018.F.SPBR.3",8,3
"1171","2018","Soldier Point","SPBR","2018.F.SPBR.4",6,3
"1172","2018","Soldier Point","SPBR","2018.F.SPBR.5",31,9
"1173","2018","Soldier Point","SPBR","2018.F.SPBR.6",11,6
"1174","2018","Soldier Point","SPBR","2018.F.SPBR.7",26,8
"1175","2018","Soldier Point","SPBR","2018.F.SPBR.8",6,3
"1176","2018","Soldier Point","SPDFR","2018.F.SPDFR.1",19,8
"1177","2018","Soldier Point","SPDFR","2018.F.SPDFR.2",5,2
"1178","2018","Soldier Point","SPDFR","2018.F.SPDFR.3",33,12
"1179","2018","Soldier Point","SPDFR","2018.F.SPDFR.4",13,4
"1180","2018","Soldier Point","SPDFR","2018.F.SPDFR.5",30,9
"1181","2018","Soldier Point","SPDFR","2018.F.SPDFR.6",11,8
"1182","2018","Soldier Point","SPDFR","2018.F.SPDFR.7",20,8
"1183","2018","Soldier Point","SPDFR","2018.F.SPDFR.8",10,4
"1184","2018","Soldier Point","SPSFR","2018.F.SPSFR.1",84,12
"1185","2018","Soldier Point","SPSFR","2018.F.SPSFR.2",24,13
"1186","2018","Soldier Point","SPSFR","2018.F.SPSFR.3",27,10
"1187","2018","Soldier Point","SPSFR","2018.F.SPSFR.4",17,7
"1188","2018","Soldier Point","SPSFR","2018.F.SPSFR.5",24,10
"1189","2018","Soldier Point","SPSFR","2018.F.SPSFR.6",13,7
"1190","2018","Soldier Point","SPSFR","2018.F.SPSFR.7",24,7
"1191","2018","Soldier Point","SPSFR","2018.F.SPSFR.8",7,5
"1192","2018","West Point 4","WP4BR","2018.F.WP4BR.1",50,11
"1193","2018","West Point 4","WP4BR","2018.F.WP4BR.2",28,9
"1194","2018","West Point 4","WP4BR","2018.F.WP4BR.3",45,10
"1195","2018","West Point 4","WP4BR","2018.F.WP4BR.4",5,2
"1196","2018","West Point 4","WP4BR","2018.F.WP4BR.5",35,8
"1197","2018","West Point 4","WP4BR","2018.F.WP4BR.6",16,8
"1198","2018","West Point 4","WP4BR","2018.F.WP4BR.7",53,16
"1199","2018","West Point 4","WP4BR","2018.F.WP4BR.8",27,10
"1200","2018","West Point 4","WP4DFR","2018.F.WP4DFR.1",30,11
"1201","2018","West Point 4","WP4DFR","2018.F.WP4DFR.2",16,8
"1202","2018","West Point 4","WP4DFR","2018.F.WP4DFR.3",44,15
"1203","2018","West Point 4","WP4DFR","2018.F.WP4DFR.4",15,10
"1204","2018","West Point 4","WP4DFR","2018.F.WP4DFR.5",9,2
"1205","2018","West Point 4","WP4DFR","2018.F.WP4DFR.6",10,5
"1206","2018","West Point 4","WP4DFR","2018.F.WP4DFR.7",22,6
"1207","2018","West Point 4","WP4DFR","2018.F.WP4DFR.8",6,3
"1208","2018","West Point 4","WP4SFR","2018.F.WP4SFR.1",20,8
"1209","2018","West Point 4","WP4SFR","2018.F.WP4SFR.2",15,10
"1210","2018","West Point 4","WP4SFR","2018.F.WP4SFR.3",15,9
"1211","2018","West Point 4","WP4SFR","2018.F.WP4SFR.4",19,9
"1212","2018","West Point 4","WP4SFR","2018.F.WP4SFR.5",21,5
"1213","2018","West Point 4","WP4SFR","2018.F.WP4SFR.6",9,5
"1214","2018","West Point 4","WP4SFR","2018.F.WP4SFR.7",24,9
"1215","2018","West Point 4","WP4SFR","2018.F.WP4SFR.8",19,10
"1216","2021","1062","1062BR","2021.F.1062BR.1",13,7
"1217","2021","1062","1062BR","2021.F.1062BR.10",13,9
"1218","2021","1062","1062BR","2021.F.1062BR.2",29,8
"1219","2021","1062","1062BR","2021.F.1062BR.3",37,6
"1220","2021","1062","1062BR","2021.F.1062BR.4",25,9
"1221","2021","1062","1062BR","2021.F.1062BR.5",40,14
"1222","2021","1062","1062BR","2021.F.1062BR.6",21,7
"1223","2021","1062","1062BR","2021.F.1062BR.7",16,6
"1224","2021","1062","1062BR","2021.F.1062BR.8",23,14
"1225","2021","1062","1062BR","2021.F.1062BR.9",23,7
"1226","2021","1062","1062DFR","2021.F.1062DFR.1",56,13
"1227","2021","1062","1062DFR","2021.F.1062DFR.10",35,5
"1228","2021","1062","1062DFR","2021.F.1062DFR.11",25,12
"1229","2021","1062","1062DFR","2021.F.1062DFR.2",18,12
"1230","2021","1062","1062DFR","2021.F.1062DFR.3",32,9
"1231","2021","1062","1062DFR","2021.F.1062DFR.4",16,8
"1232","2021","1062","1062DFR","2021.F.1062DFR.5",17,8
"1233","2021","1062","1062DFR","2021.F.1062DFR.6",20,10
"1234","2021","1062","1062DFR","2021.F.1062DFR.7",19,6
"1235","2021","1062","1062DFR","2021.F.1062DFR.8",26,12
"1236","2021","1062","1062DFR","2021.F.1062DFR.9",27,15
"1237","2021","1062","1062SFR","2021.F.1062SFR.1",31,6
"1238","2021","1062","1062SFR","2021.F.1062SFR.10",61,12
"1239","2021","1062","1062SFR","2021.F.1062SFR.11",50,9
"1240","2021","1062","1062SFR","2021.F.1062SFR.2",0,0
"1241","2021","1062","1062SFR","2021.F.1062SFR.3",8,5
"1242","2021","1062","1062SFR","2021.F.1062SFR.4",14,7
"1243","2021","1062","1062SFR","2021.F.1062SFR.5",16,5
"1244","2021","1062","1062SFR","2021.F.1062SFR.6",51,8
"1245","2021","1062","1062SFR","2021.F.1062SFR.7",33,9
"1246","2021","1062","1062SFR","2021.F.1062SFR.8",33,11
"1247","2021","1062","1062SFR","2021.F.1062SFR.9",55,13
"1248","2021","1206","1206BR","2021.F.1206BR.1",44,12
"1249","2021","1206","1206BR","2021.F.1206BR.10",44,13
"1250","2021","1206","1206BR","2021.F.1206BR.2",8,4
"1251","2021","1206","1206BR","2021.F.1206BR.3",16,6
"1252","2021","1206","1206BR","2021.F.1206BR.4",13,4
"1253","2021","1206","1206BR","2021.F.1206BR.5",8,6
"1254","2021","1206","1206BR","2021.F.1206BR.6",13,4
"1255","2021","1206","1206BR","2021.F.1206BR.7",24,8
"1256","2021","1206","1206BR","2021.F.1206BR.8",25,9
"1257","2021","1206","1206BR","2021.F.1206BR.9",23,12
"1258","2021","1206","1206DFR","2021.F.1206DFR.1",42,11
"1259","2021","1206","1206DFR","2021.F.1206DFR.10",66,11
"1260","2021","1206","1206DFR","2021.F.1206DFR.2",17,7
"1261","2021","1206","1206DFR","2021.F.1206DFR.3",38,5
"1262","2021","1206","1206DFR","2021.F.1206DFR.4",35,9
"1263","2021","1206","1206DFR","2021.F.1206DFR.5",13,4
"1264","2021","1206","1206DFR","2021.F.1206DFR.6",54,5
"1265","2021","1206","1206DFR","2021.F.1206DFR.7",37,12
"1266","2021","1206","1206DFR","2021.F.1206DFR.8",13,11
"1267","2021","1206","1206DFR","2021.F.1206DFR.9",0,0
"1268","2021","1206","1206SFR","2021.F.1206SFR.1",41,12
"1269","2021","1206","1206SFR","2021.F.1206SFR.10",43,14
"1270","2021","1206","1206SFR","2021.F.1206SFR.2",22,10
"1271","2021","1206","1206SFR","2021.F.1206SFR.3",22,9
"1272","2021","1206","1206SFR","2021.F.1206SFR.4",20,10
"1273","2021","1206","1206SFR","2021.F.1206SFR.5",13,5
"1274","2021","1206","1206SFR","2021.F.1206SFR.6",21,10
"1275","2021","1206","1206SFR","2021.F.1206SFR.7",14,7
"1276","2021","1206","1206SFR","2021.F.1206SFR.8",20,13
"1277","2021","1206","1206SFR","2021.F.1206SFR.9",28,14
"1278","2021","Caye Bokel","CBBR","2021.F.CBBR.1",46,14
"1279","2021","Caye Bokel","CBBR","2021.F.CBBR.10",36,11
"1280","2021","Caye Bokel","CBBR","2021.F.CBBR.2",86,16
"1281","2021","Caye Bokel","CBBR","2021.F.CBBR.3",57,11
"1282","2021","Caye Bokel","CBBR","2021.F.CBBR.4",82,13
"1283","2021","Caye Bokel","CBBR","2021.F.CBBR.5",182,12
"1284","2021","Caye Bokel","CBBR","2021.F.CBBR.6",9,6
"1285","2021","Caye Bokel","CBBR","2021.F.CBBR.7",51,6
"1286","2021","Caye Bokel","CBBR","2021.F.CBBR.8",45,10
"1287","2021","Caye Bokel","CBBR","2021.F.CBBR.9",33,10
"1288","2021","Caye Bokel","CBSFR","2021.F.CBSFR.1",59,11
"1289","2021","Caye Bokel","CBSFR","2021.F.CBSFR.10",31,10
"1290","2021","Caye Bokel","CBSFR","2021.F.CBSFR.2",49,7
"1291","2021","Caye Bokel","CBSFR","2021.F.CBSFR.3",28,5
"1292","2021","Caye Bokel","CBSFR","2021.F.CBSFR.4",49,17
"1293","2021","Caye Bokel","CBSFR","2021.F.CBSFR.5",29,12
"1294","2021","Caye Bokel","CBSFR","2021.F.CBSFR.6",13,6
"1295","2021","Caye Bokel","CBSFR","2021.F.CBSFR.7",22,8
"1296","2021","Caye Bokel","CBSFR","2021.F.CBSFR.8",12,7
"1297","2021","Caye Bokel","CBSFR","2021.F.CBSFR.9",24,7
"1298","2021","Cockroach Zone 2","CZ2DFR","2021.F.CZ2DFR.1",26,8
"1299","2021","Cockroach Zone 2","CZ2DFR","2021.F.CZ2DFR.10",7,3
"1300","2021","Cockroach Zone 2","CZ2DFR","2021.F.CZ2DFR.2",25,8
"1301","2021","Cockroach Zone 2","CZ2DFR","2021.F.CZ2DFR.3",16,7
"1302","2021","Cockroach Zone 2","CZ2DFR","2021.F.CZ2DFR.4",34,14
"1303","2021","Cockroach Zone 2","CZ2DFR","2021.F.CZ2DFR.5",28,9
"1304","2021","Cockroach Zone 2","CZ2DFR","2021.F.CZ2DFR.6",43,8
"1305","2021","Cockroach Zone 2","CZ2DFR","2021.F.CZ2DFR.7",30,12
"1306","2021","Cockroach Zone 2","CZ2DFR","2021.F.CZ2DFR.8",6,3
"1307","2021","Cockroach Zone 2","CZ2DFR","2021.F.CZ2DFR.9",4,3
"1308","2021","Mauger Point","MPDFR","2021.F.MPDFR.1",40,9
"1309","2021","Mauger Point","MPDFR","2021.F.MPDFR.10",29,12
"1310","2021","Mauger Point","MPDFR","2021.F.MPDFR.2",21,5
"1311","2021","Mauger Point","MPDFR","2021.F.MPDFR.3",19,9
"1312","2021","Mauger Point","MPDFR","2021.F.MPDFR.4",27,10
"1313","2021","Mauger Point","MPDFR","2021.F.MPDFR.5",23,10
"1314","2021","Mauger Point","MPDFR","2021.F.MPDFR.6",36,8
"1315","2021","Mauger Point","MPDFR","2021.F.MPDFR.7",35,16
"1316","2021","Mauger Point","MPDFR","2021.F.MPDFR.8",30,9
"1317","2021","Mauger Point","MPDFR","2021.F.MPDFR.9",15,7
"1318","2021","Mauger Point","MPSFR","2021.F.MPSFR.1",31,9
"1319","2021","Mauger Point","MPSFR","2021.F.MPSFR.10",32,11
"1320","2021","Mauger Point","MPSFR","2021.F.MPSFR.2",36,8
"1321","2021","Mauger Point","MPSFR","2021.F.MPSFR.3",27,8
"1322","2021","Mauger Point","MPSFR","2021.F.MPSFR.4",30,8
"1323","2021","Mauger Point","MPSFR","2021.F.MPSFR.5",29,11
"1324","2021","Mauger Point","MPSFR","2021.F.MPSFR.6",32,11
"1325","2021","Mauger Point","MPSFR","2021.F.MPSFR.7",31,9
"1326","2021","Mauger Point","MPSFR","2021.F.MPSFR.8",31,12
"1327","2021","Mauger Point","MPSFR","2021.F.MPSFR.9",29,7
"1328","2021","Soldier Point","SPDFR","2021.F.SPDFR.1",63,13
"1329","2021","Soldier Point","SPDFR","2021.F.SPDFR.10",73,10
"1330","2021","Soldier Point","SPDFR","2021.F.SPDFR.2",26,8
"1331","2021","Soldier Point","SPDFR","2021.F.SPDFR.3",22,5
"1332","2021","Soldier Point","SPDFR","2021.F.SPDFR.4",36,14
"1333","2021","Soldier Point","SPDFR","2021.F.SPDFR.5",40,7
"1334","2021","Soldier Point","SPDFR","2021.F.SPDFR.6",29,6
"1335","2021","Soldier Point","SPDFR","2021.F.SPDFR.7",8,3
"1336","2021","Soldier Point","SPDFR","2021.F.SPDFR.8",9,6
"1337","2021","Soldier Point","SPDFR","2021.F.SPDFR.9",10,5
"1338","2021","West Point 4","WP4BR","2021.F.WP4BR.1",5,3
"1339","2021","West Point 4","WP4BR","2021.F.WP4BR.10",17,6
"1340","2021","West Point 4","WP4BR","2021.F.WP4BR.11",17,6
"1341","2021","West Point 4","WP4BR","2021.F.WP4BR.12",15,7
"1342","2021","West Point 4","WP4BR","2021.F.WP4BR.2",39,9
"1343","2021","West Point 4","WP4BR","2021.F.WP4BR.3",10,7
"1344","2021","West Point 4","WP4BR","2021.F.WP4BR.4",43,7
"1345","2021","West Point 4","WP4BR","2021.F.WP4BR.5",10,8
"1346","2021","West Point 4","WP4BR","2021.F.WP4BR.6",21,10
"1347","2021","West Point 4","WP4BR","2021.F.WP4BR.7",68,15
"1348","2021","West Point 4","WP4BR","2021.F.WP4BR.8",18,7
"1349","2021","West Point 4","WP4BR","2021.F.WP4BR.9",18,10
"1350","2021","West Point 4","WP4DFR","2021.F.WP4DFR.1",3,3
"1351","2021","West Point 4","WP4DFR","2021.F.WP4DFR.10",27,15
"1352","2021","West Point 4","WP4DFR","2021.F.WP4DFR.11",33,12
"1353","2021","West Point 4","WP4DFR","2021.F.WP4DFR.2",17,6
"1354","2021","West Point 4","WP4DFR","2021.F.WP4DFR.3",21,8
"1355","2021","West Point 4","WP4DFR","2021.F.WP4DFR.4",17,10
"1356","2021","West Point 4","WP4DFR","2021.F.WP4DFR.5",13,9
"1357","2021","West Point 4","WP4DFR","2021.F.WP4DFR.6",54,14
"1358","2021","West Point 4","WP4DFR","2021.F.WP4DFR.7",77,10
"1359","2021","West Point 4","WP4DFR","2021.F.WP4DFR.8",54,10
"1360","2021","West Point 4","WP4DFR","2021.F.WP4DFR.9",61,9
"1361","2021","West Point 4","WP4SFR","2021.F.WP4SFR.1",23,9
"1362","2021","West Point 4","WP4SFR","2021.F.WP4SFR.10",17,8
"1363","2021","West Point 4","WP4SFR","2021.F.WP4SFR.2",14,8
"1364","2021","West Point 4","WP4SFR","2021.F.WP4SFR.3",3,1
"1365","2021","West Point 4","WP4SFR","2021.F.WP4SFR.4",7,7
"1366","2021","West Point 4","WP4SFR","2021.F.WP4SFR.5",20,7
"1367","2021","West Point 4","WP4SFR","2021.F.WP4SFR.6",13,6
"1368","2021","West Point 4","WP4SFR","2021.F.WP4SFR.7",29,12
"1369","2021","West Point 4","WP4SFR","2021.F.WP4SFR.8",29,10
"1370","2021","West Point 4","WP4SFR","2021.F.WP4SFR.9",39,16
"1371","2021","West Point 5","WP5BR","2021.F.WP5BR.1",13,10
"1372","2021","West Point 5","WP5BR","2021.F.WP5BR.10",19,8
"1373","2021","West Point 5","WP5BR","2021.F.WP5BR.2",10,6
"1374","2021","West Point 5","WP5BR","2021.F.WP5BR.3",20,9
"1375","2021","West Point 5","WP5BR","2021.F.WP5BR.4",17,10
"1376","2021","West Point 5","WP5BR","2021.F.WP5BR.5",14,7
"1377","2021","West Point 5","WP5BR","2021.F.WP5BR.6",60,13
"1378","2021","West Point 5","WP5BR","2021.F.WP5BR.7",20,14
"1379","2021","West Point 5","WP5BR","2021.F.WP5BR.8",32,17
"1380","2021","West Point 5","WP5BR","2021.F.WP5BR.9",14,9
"1381","2021","West Point 5","WP5DFR","2021.F.WP5DFR.1",21,8
"1382","2021","West Point 5","WP5DFR","2021.F.WP5DFR.10",23,13
"1383","2021","West Point 5","WP5DFR","2021.F.WP5DFR.2",13,8
"1384","2021","West Point 5","WP5DFR","2021.F.WP5DFR.3",9,5
"1385","2021","West Point 5","WP5DFR","2021.F.WP5DFR.4",20,12
"1386","2021","West Point 5","WP5DFR","2021.F.WP5DFR.5",20,12
"1387","2021","West Point 5","WP5DFR","2021.F.WP5DFR.6",16,7
"1388","2021","West Point 5","WP5DFR","2021.F.WP5DFR.7",29,16
"1389","2021","West Point 5","WP5DFR","2021.F.WP5DFR.8",37,14
"1390","2021","West Point 5","WP5DFR","2021.F.WP5DFR.9",47,18
"1391","2021","West Point 5","WP5SFR","2021.F.WP5SFR.1",20,11
"1392","2021","West Point 5","WP5SFR","2021.F.WP5SFR.10",10,4
"1393","2021","West Point 5","WP5SFR","2021.F.WP5SFR.2",14,8
"1394","2021","West Point 5","WP5SFR","2021.F.WP5SFR.3",13,7
"1395","2021","West Point 5","WP5SFR","2021.F.WP5SFR.4",10,6
"1396","2021","West Point 5","WP5SFR","2021.F.WP5SFR.5",11,8
"1397","2021","West Point 5","WP5SFR","2021.F.WP5SFR.6",14,7
"1398","2021","West Point 5","WP5SFR","2021.F.WP5SFR.7",16,6
"1399","2021","West Point 5","WP5SFR","2021.F.WP5SFR.8",24,8
"1400","2021","West Point 5","WP5SFR","2021.F.WP5SFR.9",29,6
"1401","2023","1062","1062DFR","2023.F.1062DFR.1",21,8
"1402","2023","1062","1062DFR","2023.F.1062DFR.2",14,8
"1403","2023","1062","1062DFR","2023.F.1062DFR.3",27,8
"1404","2023","1062","1062DFR","2023.F.1062DFR.4",18,8
"1405","2023","1062","1062DFR","2023.F.1062DFR.5",20,7
"1406","2023","1062","1062DFR","2023.F.1062DFR.6",12,7
"1407","2023","1062","1062DFR","2023.F.1062DFR.7",28,9
"1408","2023","1062","1062DFR","2023.F.1062DFR.8",14,3
"1409","2023","1062","1062DFR","2023.F.1062DFR.9",8,3
"1410","2023","1062","1062SFR","2023.F.1062SFR.1",35,8
"1411","2023","1062","1062SFR","2023.F.1062SFR.2",14,7
"1412","2023","1062","1062SFR","2023.F.1062SFR.3",27,7
"1413","2023","1062","1062SFR","2023.F.1062SFR.4",60,9
"1414","2023","1062","1062SFR","2023.F.1062SFR.5",101,9
"1415","2023","1062","1062SFR","2023.F.1062SFR.6",19,9
"1416","2023","1062","1062SFR","2023.F.1062SFR.7",11,5
"1417","2023","1062","1062SFR","2023.F.1062SFR.8",25,5
"1418","2023","1206","1206DFR","2023.F.1206DFR.1",25,11
"1419","2023","1206","1206DFR","2023.F.1206DFR.2",30,8
"1420","2023","1206","1206DFR","2023.F.1206DFR.3",26,10
"1421","2023","1206","1206DFR","2023.F.1206DFR.4",28,8
"1422","2023","1206","1206DFR","2023.F.1206DFR.5",18,7
"1423","2023","1206","1206DFR","2023.F.1206DFR.6",31,10
"1424","2023","1206","1206DFR","2023.F.1206DFR.7",79,13
"1425","2023","1206","1206DFR","2023.F.1206DFR.8",42,8
"1426","2023","1206","1206SFR","2023.F.1206SFR.1",15,5
"1427","2023","1206","1206SFR","2023.F.1206SFR.2",32,11
"1428","2023","1206","1206SFR","2023.F.1206SFR.3",20,8
"1429","2023","1206","1206SFR","2023.F.1206SFR.4",28,6
"1430","2023","1206","1206SFR","2023.F.1206SFR.5",26,8
"1431","2023","1206","1206SFR","2023.F.1206SFR.6",26,9
"1432","2023","1206","1206SFR","2023.F.1206SFR.7",47,7
"1433","2023","1206","1206SFR","2023.F.1206SFR.8",74,6
"1434","2023","1206","1206SFR","2023.F.1206SFR.9",22,7
"1435","2023","Caye Bokel","CBDFR","2023.F.CBDFR.1",23,9
"1436","2023","Caye Bokel","CBDFR","2023.F.CBDFR.2",16,9
"1437","2023","Caye Bokel","CBDFR","2023.F.CBDFR.3",10,8
"1438","2023","Caye Bokel","CBDFR","2023.F.CBDFR.4",36,8
"1439","2023","Caye Bokel","CBDFR","2023.F.CBDFR.5",30,9
"1440","2023","Caye Bokel","CBDFR","2023.F.CBDFR.6",23,6
"1441","2023","Caye Bokel","CBDFR","2023.F.CBDFR.7",51,10
"1442","2023","Caye Bokel","CBDFR","2023.F.CBDFR.8",44,7
"1443","2023","Caye Bokel","CBDFR","2023.F.CBDFR.9",44,3
"1444","2023","Caye Bokel","CBSFR","2023.F.CBSFR.1",27,12
"1445","2023","Caye Bokel","CBSFR","2023.F.CBSFR.2",16,6
"1446","2023","Caye Bokel","CBSFR","2023.F.CBSFR.3",24,12
"1447","2023","Caye Bokel","CBSFR","2023.F.CBSFR.4",36,7
"1448","2023","Caye Bokel","CBSFR","2023.F.CBSFR.5",44,11
"1449","2023","Caye Bokel","CBSFR","2023.F.CBSFR.6",33,8
"1450","2023","Caye Bokel","CBSFR","2023.F.CBSFR.7",62,11
"1451","2023","Caye Bokel","CBSFR","2023.F.CBSFR.8",16,8
"1452","2023","Cockroach Zone 2","CZ2DFR","2023.F.CZ2DFR.1",9,9
"1453","2023","Cockroach Zone 2","CZ2DFR","2023.F.CZ2DFR.10",43,14
"1454","2023","Cockroach Zone 2","CZ2DFR","2023.F.CZ2DFR.2",22,8
"1455","2023","Cockroach Zone 2","CZ2DFR","2023.F.CZ2DFR.3",29,9
"1456","2023","Cockroach Zone 2","CZ2DFR","2023.F.CZ2DFR.4",13,7
"1457","2023","Cockroach Zone 2","CZ2DFR","2023.F.CZ2DFR.5",40,9
"1458","2023","Cockroach Zone 2","CZ2DFR","2023.F.CZ2DFR.6",38,12
"1459","2023","Cockroach Zone 2","CZ2DFR","2023.F.CZ2DFR.7",11,7
"1460","2023","Cockroach Zone 2","CZ2DFR","2023.F.CZ2DFR.8",70,9
"1461","2023","Cockroach Zone 2","CZ2DFR","2023.F.CZ2DFR.9",19,5
"1462","2023","Cockroach Zone 2","CZ2SFR","2023.F.CZ2SFR.1",59,8
"1463","2023","Cockroach Zone 2","CZ2SFR","2023.F.CZ2SFR.2",36,8
"1464","2023","Cockroach Zone 2","CZ2SFR","2023.F.CZ2SFR.3",18,8
"1465","2023","Cockroach Zone 2","CZ2SFR","2023.F.CZ2SFR.4",26,8
"1466","2023","Cockroach Zone 2","CZ2SFR","2023.F.CZ2SFR.5",62,16
"1467","2023","Cockroach Zone 2","CZ2SFR","2023.F.CZ2SFR.6",55,8
"1468","2023","Cockroach Zone 2","CZ2SFR","2023.F.CZ2SFR.7",18,7
"1469","2023","Cockroach Zone 2","CZ2SFR","2023.F.CZ2SFR.8",50,10
"1470","2023","Cockroach Zone 2","CZ2SFR","2023.F.CZ2SFR.9",62,9
"1471","2023","Mauger Point","MPDFR","2023.F.MPDFR.1",42,11
"1472","2023","Mauger Point","MPDFR","2023.F.MPDFR.2",36,6
"1473","2023","Mauger Point","MPDFR","2023.F.MPDFR.3",49,8
"1474","2023","Mauger Point","MPDFR","2023.F.MPDFR.4",32,7
"1475","2023","Mauger Point","MPDFR","2023.F.MPDFR.5",66,12
"1476","2023","Mauger Point","MPDFR","2023.F.MPDFR.6",37,11
"1477","2023","Mauger Point","MPDFR","2023.F.MPDFR.7",29,5
"1478","2023","Mauger Point","MPDFR","2023.F.MPDFR.8",43,8
"1479","2023","Mauger Point","MPDFR","2023.F.MPDFR.9",19,10
"1480","2023","Mauger Point","MPSFR","2023.F.MPSFR.1",55,9
"1481","2023","Mauger Point","MPSFR","2023.F.MPSFR.2",41,8
"1482","2023","Mauger Point","MPSFR","2023.F.MPSFR.3",41,13
"1483","2023","Mauger Point","MPSFR","2023.F.MPSFR.4",92,13
"1484","2023","Mauger Point","MPSFR","2023.F.MPSFR.5",55,8
"1485","2023","Mauger Point","MPSFR","2023.F.MPSFR.6",30,7
"1486","2023","Mauger Point","MPSFR","2023.F.MPSFR.7",36,8
"1487","2023","Mauger Point","MPSFR","2023.F.MPSFR.8",30,8
"1488","2023","Mauger Point","MPSFR","2023.F.MPSFR.9",29,8
"1489","2023","Soldier Point","SPDFR","2023.F.SPDFR.1",13,6
"1490","2023","Soldier Point","SPDFR","2023.F.SPDFR.2",19,7
"1491","2023","Soldier Point","SPDFR","2023.F.SPDFR.3",21,10
"1492","2023","Soldier Point","SPDFR","2023.F.SPDFR.4",15,6
"1493","2023","Soldier Point","SPDFR","2023.F.SPDFR.5",21,7
"1494","2023","Soldier Point","SPDFR","2023.F.SPDFR.6",27,12
"1495","2023","Soldier Point","SPDFR","2023.F.SPDFR.7",27,9
"1496","2023","Soldier Point","SPDFR","2023.F.SPDFR.8",24,9
"1497","2023","Soldier Point","SPDFR","2023.F.SPDFR.9",29,6
"1498","2023","Soldier Point","SPSFR","2023.F.SPSFR.1",21,7
"1499","2023","Soldier Point","SPSFR","2023.F.SPSFR.2",24,9
"1500","2023","Soldier Point","SPSFR","2023.F.SPSFR.3",30,8
"1501","2023","Soldier Point","SPSFR","2023.F.SPSFR.4",14,7
"1502","2023","Soldier Point","SPSFR","2023.F.SPSFR.5",22,9
"1503","2023","Soldier Point","SPSFR","2023.F.SPSFR.6",12,6
"1504","2023","Soldier Point","SPSFR","2023.F.SPSFR.7",40,9
"1505","2023","Soldier Point","SPSFR","2023.F.SPSFR.8",40,11
"1506","2023","Soldier Point","SPSFR","2023.F.SPSFR.9",64,8
"1507","2023","West Point 4","WP4BR","2023.F.WP4BR.1",23,11
"1508","2023","West Point 4","WP4BR","2023.F.WP4BR.2",15,7
"1509","2023","West Point 4","WP4BR","2023.F.WP4BR.3",17,11
"1510","2023","West Point 4","WP4BR","2023.F.WP4BR.4",15,6
"1511","2023","West Point 4","WP4BR","2023.F.WP4BR.5",17,5
"1512","2023","West Point 4","WP4BR","2023.F.WP4BR.6",18,6
"1513","2023","West Point 4","WP4BR","2023.F.WP4BR.7",22,8
"1514","2023","West Point 4","WP4BR","2023.F.WP4BR.8",30,6
"1515","2023","West Point 4","WP4DFR","2023.F.WP4DFR.1",12,7
"1516","2023","West Point 4","WP4DFR","2023.F.WP4DFR.2",79,7
"1517","2023","West Point 4","WP4DFR","2023.F.WP4DFR.3",4,3
"1518","2023","West Point 4","WP4DFR","2023.F.WP4DFR.4",31,8
"1519","2023","West Point 4","WP4DFR","2023.F.WP4DFR.5",23,9
"1520","2023","West Point 4","WP4DFR","2023.F.WP4DFR.6",39,10
"1521","2023","West Point 4","WP4DFR","2023.F.WP4DFR.7",54,13
"1522","2023","West Point 4","WP4DFR","2023.F.WP4DFR.8",145,13
"1523","2023","West Point 4","WP4SFR","2023.F.WP4SFR.1",14,9
"1524","2023","West Point 4","WP4SFR","2023.F.WP4SFR.2",17,9
"1525","2023","West Point 4","WP4SFR","2023.F.WP4SFR.3",13,8
"1526","2023","West Point 4","WP4SFR","2023.F.WP4SFR.4",24,8
"1527","2023","West Point 4","WP4SFR","2023.F.WP4SFR.5",22,10
"1528","2023","West Point 4","WP4SFR","2023.F.WP4SFR.6",12,6
"1529","2023","West Point 4","WP4SFR","2023.F.WP4SFR.7",22,7
"1530","2023","West Point 4","WP4SFR","2023.F.WP4SFR.8",26,8
"1531","2023","West Point 5","WP5DFR","2023.F.WP5DFR.1",123,9
"1532","2023","West Point 5","WP5DFR","2023.F.WP5DFR.2",26,6
"1533","2023","West Point 5","WP5DFR","2023.F.WP5DFR.3",7,5
"1534","2023","West Point 5","WP5DFR","2023.F.WP5DFR.4",61,7
"1535","2023","West Point 5","WP5DFR","2023.F.WP5DFR.5",28,6
"1536","2023","West Point 5","WP5DFR","2023.F.WP5DFR.6",31,8
"1537","2023","West Point 5","WP5DFR","2023.F.WP5DFR.7",55,5
"1538","2023","West Point 5","WP5DFR","2023.F.WP5DFR.8",16,5
"1539","2023","West Point 5","WP5SFR","2023.F.WP5SFR.1",20,6
"1540","2023","West Point 5","WP5SFR","2023.F.WP5SFR.2",10,5
"1541","2023","West Point 5","WP5SFR","2023.F.WP5SFR.3",25,4
"1542","2023","West Point 5","WP5SFR","2023.F.WP5SFR.4",24,6
"1543","2023","West Point 5","WP5SFR","2023.F.WP5SFR.5",22,4
"1544","2023","West Point 5","WP5SFR","2023.F.WP5SFR.6",19,6
"1545","2023","West Point 5","WP5SFR","2023.F.WP5SFR.7",18,6
"1546","2023","West Point 5","WP5SFR","2023.F.WP5SFR.8",50,5
